index,RegionName,State,CountyName,SizeRank,2010-01,2010-02,2010-03,2010-04,2010-05,2010-06,2010-07,2010-08,2010-09,2010-10,2010-11,2010-12,2011-01,2011-02,2011-03,2011-04,2011-05,2011-06,2011-07,2011-08,2011-09,2011-10,2011-11,2011-12,2012-01,2012-02,2012-03,2012-04,2012-05,2012-06,2012-07,2012-08,2012-09,2012-10,2012-11,2012-12,2013-01,2013-02,2013-03,2013-04,2013-05,2013-06,2013-07,2013-08,2013-09,2013-10,2013-11,2013-12,2014-01,2014-02,2014-03,2014-04,2014-05,2014-06,2014-07,2014-08,2014-09,2014-10,2014-11,2014-12,2015-01,2015-02,2015-03,2015-04,2015-05,2015-06,2015-07,2015-08,2015-09,2015-10,2015-11,2015-12,2016-01,2016-02,2016-03,2016-04,2016-05,2016-06,2016-07,2016-08,2016-09,2016-10,2016-11,2016-12,2017-01,2017-02,2017-03,2017-04,2017-05,2017-06,2017-07,2017-08,2017-09,2017-10,2017-11,2017-12,2018-01,2018-02,2018-03,2018-04,2018-05,2018-06,2018-07,2018-08,2018-09,2018-10,2018-11,2018-12,2019-01,2019-02,2019-03,2019-04,2019-05,2019-06,2019-07,2019-08,2019-09,2019-10,2019-11,2019-12,mean
0,New York,NY,Queens County,1,,,,,2300.0,2450.0,2495.0,2400.0,2600.0,2800.0,2680.0,2900.0,2600.0,2350.0,2595.0,2695.0,2700.0,2700.0,2800.0,2870.0,2850.0,2800.0,2650.0,2595.0,2450.0,2600.0,2550.0,2595.0,2650.0,2600.0,2650.0,2695.0,2700.0,2750.0,2750.0,2800.0,2800.0,2800.0,2800.0,2800.0,2900.0,2800.0,2700.0,2800.0,2850.0,2850.0,2900.0,2900.0,2915.5,2914.0,2895.0,2850.0,2925.0,2995.0,2895.0,2900.0,2900.0,2912.5,2895.0,2800.0,2900.0,2944.5,2950.0,2950.0,2900.0,3000.0,3000.0,3000.0,3000.0,2990.0,2960.5,2995.0,2986.5,2950.0,2976.0,2990.0,2987.5,2900.0,2950.0,2950.0,2908.0,2950.0,2900.0,2875.0,2900.0,2995.0,2995.0,3000.0,3000.0,3000.0,3000.0,3000.0,3000.0,2950.0,2925.0,2918.0,2900.0,2895.0,2850.0,2850.0,2900.0,2900.0,2900.0,2900.0,2900.0,2850.0,2800.0,2800.0,2800.0,2800.0,2800.0,2875.0,2900.0,2895.0,2850.0,2925.0,2900.0,2900.0,2899.0,2900.0,2810.2820512820517
5,Philadelphia,PA,Philadelphia County,6,,1350.0,1292.5,1250.0,1300.0,1425.0,1474.5,1500.0,1450.0,1485.0,1450.0,1500.0,1392.5,1375.0,1450.0,1500.0,1495.0,1450.0,1450.0,1495.0,1400.0,1350.0,1325.0,1325.0,1250.0,1350.0,1400.0,1422.5,1400.0,1400.0,1350.0,1295.0,1200.0,1200.0,1200.0,1150.0,1150.0,1200.0,1295.0,1350.0,1400.0,1350.0,1300.0,1296.5,1300.0,1295.0,1250.0,1250.0,1250.0,1200.0,1250.0,1300.0,1500.0,1500.0,1500.0,1450.0,1400.0,1375.0,1350.0,1300.0,1395.0,1400.0,1500.0,1550.0,1595.0,1550.0,1500.0,1500.0,1475.0,1422.5,1425.0,1400.0,1400.0,1400.0,1500.0,1575.0,1550.0,1500.0,1450.0,1400.0,1399.0,1300.0,1397.5,1300.0,1325.0,1375.0,1500.0,1525.0,1550.0,1520.0,1500.0,1495.0,1440.0,1450.0,1450.0,1400.0,1400.0,1400.0,1495.0,1525.0,1550.0,1500.0,1500.0,1485.0,1425.0,1400.0,1450.0,1400.0,1400.0,1450.0,1500.0,1595.0,1595.0,1595.0,1550.0,1500.0,1500.0,1500.0,1500.0,1500.0,1400.4041666666667
26,Boston,MA,Suffolk County,27,,,,,,,,,2122.5,2167.5,2200.0,2242.5,2480.0,2300.0,2200.0,2125.0,2100.0,2200.0,2250.0,2302.0,2500.0,2500.0,2500.0,2400.0,2400.0,2400.0,2375.0,2300.0,2300.0,2350.0,2400.0,2400.0,2650.0,2600.0,2600.0,2592.5,2600.0,2500.0,2500.0,2500.0,2450.0,2500.0,2500.0,2495.0,2450.0,2600.0,2600.0,2599.0,2600.0,2600.0,2600.0,2600.0,2600.0,2607.5,2600.0,2600.0,2550.0,2595.0,2500.0,2600.0,2700.0,2700.0,2650.0,2650.0,2600.0,2600.0,2600.0,2600.0,2542.5,2500.0,2599.0,2645.0,2800.0,2800.0,2700.0,2650.0,2600.0,2600.0,2600.0,2600.0,2600.0,2600.0,2600.0,2605.0,2800.0,2795.0,2800.0,2800.0,2700.0,2675.0,2650.0,2650.0,2700.0,2650.0,2700.0,2790.0,2800.0,2850.0,2800.0,2700.0,2750.0,2750.0,2750.0,2700.0,2700.0,2750.0,2800.0,2850.0,2900.0,2900.0,2900.0,2900.0,2800.0,2800.0,2800.0,2795.0,2795.0,2800.0,2800.0,2900.0,2570.548672566372
27,Washington,DC,District of Columbia,28,,2275.0,1972.5,1999.0,2000.0,2125.0,2300.0,2200.0,2180.0,2200.0,2156.5,2250.0,2400.0,2300.0,2295.0,2300.0,2400.0,2350.0,2450.0,2460.0,2497.5,2500.0,2500.0,2342.5,2350.0,2400.0,2400.0,2395.0,2350.0,2434.5,2300.0,2300.0,2450.0,2497.5,2500.0,2410.0,2410.0,2597.5,2500.0,2400.0,2350.0,2450.0,2500.0,2450.0,2480.0,2350.0,2499.0,2450.0,2400.0,2450.0,2400.0,2400.0,2500.0,2500.0,2500.0,2500.0,2500.0,2495.0,2450.0,2400.0,2500.0,2420.0,2500.0,2500.0,2500.0,2500.0,2500.0,2550.0,2600.0,2550.0,2500.0,2500.0,2550.0,2550.0,2500.0,2500.0,2580.0,2550.0,2600.0,2595.0,2500.0,2500.0,2500.0,2500.0,2500.0,2600.0,2550.0,2600.0,2700.0,2695.0,2700.0,2600.0,2600.0,2575.0,2550.0,2595.0,2550.0,2500.0,2500.0,2600.0,2650.0,2675.0,2700.0,2650.0,2680.0,2600.0,2600.0,2600.0,2600.0,2605.0,2600.0,2650.0,2700.0,2750.0,2730.0,2700.0,2700.0,2700.0,2700.0,2730.0,2462.329166666667
60,Pittsburgh,PA,Allegheny County,61,,,,,,,,,,,,,,,,,,,,,,,,,,,,,,,,,,1200.0,1200.0,1000.0,1100.0,1250.0,1200.0,1250.0,1225.0,1275.0,1200.0,1250.0,1250.0,1200.0,1200.0,1197.5,1200.0,1250.0,1295.0,1299.0,1299.5,1362.5,1400.0,1300.0,1250.0,1200.0,1200.0,1195.0,1200.0,1250.0,1350.0,1350.0,1350.0,1350.0,1300.0,1300.0,1250.0,1200.0,1200.0,1250.0,1275.0,1299.0,1350.0,1365.0,1350.0,1350.0,1350.0,1299.0,1250.0,1200.0,1300.0,1250.0,1350.0,1350.0,1350.0,1395.0,1400.0,1400.0,1400.0,1382.5,1250.0,1275.0,1325.0,1350.0,1325.0,1350.0,1350.0,1350.0,1350.0,1350.0,1300.0,1295.0,1250.0,1295.0,1350.0,1350.0,1395.0,1399.0,1450.0,1400.0,1400.0,1400.0,1395.0,1392.5,1300.0,1400.0,1450.0,1400.0,1286.6079545454545
89,Buffalo,NY,Erie County,90,,,,,,,,,,,,,,,,,,,,,,,,,,,,,,,,,,,,,,,,,,,,,,,,,,,,,,,,,,,,,,,,,,,,,,,,,,,,,,,,,,850.0,925.0,925.0,987.5,1000.0,1000.0,1100.0,1000.0,1025.0,975.0,1000.0,1000.0,1000.0,1000.0,1025.0,1000.0,1025.0,1200.0,1100.0,1100.0,1100.0,1100.0,1100.0,1100.0,1100.0,1100.0,1100.0,1050.0,1050.0,1100.0,1100.0,1100.0,1100.0,1100.0,1100.0,1075.0,1100.0,1100.0,1100.0,1027.5625
136,Yonkers,NY,Westchester County,137,,,,,,,,,,,,,,,,,,,,,,,,,,,,,,,,,,,,,,,,,,,,,,,,,,,,,,,,,,,,,,,,,,,,,2200.0,1975.0,1850.0,1875.0,1837.5,1800.0,2000.0,1800.0,1800.0,1997.5,1850.0,2100.0,1900.0,1850.0,1800.0,1800.0,1750.0,1987.5,2000.0,2000.0,2000.0,1912.5,2250.0,2200.0,2400.0,2250.0,2200.0,2200.0,2200.0,2225.0,2000.0,2000.0,1950.0,1970.0,2000.0,2100.0,2000.0,2100.0,2200.0,2100.0,2200.0,2200.0,2300.0,2300.0,2280.0,2200.0,2200.0,2095.0,2000.0,2150.0,2000.0,1975.0,2008.811320754717
156,Worcester,MA,Worcester County,157,,,,,,,,,,,,,,,,,1095.0,1175.0,1200.0,1200.0,1195.0,1195.0,1195.0,1350.0,1225.0,1250.0,1195.0,1050.0,1050.0,1195.0,1125.0,1150.0,1200.0,1150.0,1100.0,1100.0,1062.5,1050.0,1100.0,1100.0,1100.0,1050.0,1050.0,1000.0,1150.0,1250.0,1295.0,1300.0,1350.0,1250.0,1250.0,1250.0,1200.0,1197.5,1250.0,1250.0,1250.0,1300.0,1300.0,1300.0,1287.5,1300.0,1350.0,1200.0,1200.0,1200.0,1300.0,1350.0,1350.0,1350.0,1300.0,1300.0,1300.0,1300.0,1400.0,1300.0,1300.0,1300.0,1400.0,1400.0,1300.0,1400.0,1300.0,1200.0,1400.0,1300.0,1300.0,1350.0,1350.0,1400.0,1400.0,1400.0,1500.0,1400.0,1400.0,1400.0,1450.0,1400.0,1450.0,1500.0,1400.0,1400.0,1400.0,1400.0,1400.0,1500.0,1500.0,1500.0,1500.0,1500.0,1500.0,1500.0,1400.0,1450.0,1450.0,1500.0,1600.0,1595.0,1600.0,1600.0,1292.2809523809524
164,Providence,RI,Providence County,165,,,,,,,,,,,,,,,,,,,,,,,,,,1295.0,1250.0,1297.5,1395.0,1350.0,1385.0,1395.0,1250.0,1200.0,1200.0,1200.0,1275.0,1375.0,1415.0,1400.0,1375.0,1295.0,1200.0,1250.0,1325.0,1500.0,1495.0,1450.0,1412.5,1400.0,1425.0,1495.0,1500.0,1450.0,1400.0,1497.5,1500.0,1495.0,1450.0,1400.0,1500.0,1700.0,1650.0,1600.0,1650.0,1600.0,1600.0,1600.0,1750.0,1700.0,1600.0,1875.0,1900.0,1900.0,1800.0,1900.0,1850.0,1530.0,1600.0,1500.0,1725.0,1825.0,1650.0,1560.0,1750.0,1762.5,1987.5,2000.0,1895.0,1950.0,1950.0,2000.0,2000.0,1800.0,1925.0,1925.0,2000.0,2100.0,2012.5,2000.0,2000.0,2000.0,1897.5,1800.0,1875.0,1950.0,2100.0,2200.0,2100.0,2100.0,2200.0,2000.0,1997.5,1900.0,1800.0,1800.0,1800.0,1900.0,1950.0,2100.0,1658.90625
198,Springfield,MA,Hampden County,199,,,,,,,,,,,,,,,,,,,,,,,,,,,,,,,,,,,,,,,,,,,,,,,,,,,,,,,,,,,,,,,,,1300.0,1300.0,1250.0,1300.0,1300.0,1400.0,1300.0,1250.0,1150.0,1100.0,1225.0,1300.0,1150.0,1275.0,1250.0,1349.5,1450.0,1375.0,1275.0,1225.0,1250.0,1300.0,1350.0,1450.0,1450.0,1300.0,1400.0,1300.0,1300.0,1300.0,1400.0,1300.0,1250.0,1450.0,1272.5,1300.0,1300.0,1300.0,1250.0,1250.0,1400.0,1450.0,1425.0,1325.0,1400.0,1445.0,1450.0,1362.5,1300.0,1300.0,1300.0,1365.0,1380.0,1300.0,1400.0,1450.0,1302.6052631578948
226,Syracuse,NY,Onondaga County,227,,,,,,,,,,,,,,,,,,,,,,,,,,,,,,,,,,,,,,,,,,,,,,,,,,,,,,,,,,,,,,,,,,,,,,,,,,,,,,,,,,,,,,,1200.0,1250.0,1250.0,1200.0,1200.0,1150.0,1235.0,1200.0,1200.0,1162.5,1200.0,1150.0,1150.0,1200.0,1200.0,1200.0,1200.0,1200.0,1170.0,1100.0,1175.0,1185.0,1100.0,1200.0,1250.0,1300.0,1350.0,1300.0,1250.0,1200.0,1325.0,1275.0,1200.0,1200.0,1181.557142857143
228,Bridgeport,CT,Fairfield County,229,,,,,,,,1300.0,1350.0,1250.0,1150.0,1350.0,1400.0,1325.0,1300.0,1497.5,1600.0,1495.0,1500.0,1550.0,1400.0,1300.0,1200.0,1200.0,1215.0,1250.0,1325.0,1207.5,1200.0,1200.0,1200.0,1300.0,1300.0,1245.0,1250.0,1200.0,1200.0,1200.0,1200.0,1200.0,1200.0,1200.0,1200.0,1200.0,1300.0,1450.0,1300.0,1400.0,1372.5,1350.0,1395.0,1397.5,1412.5,1400.0,1450.0,1400.0,1400.0,1350.0,1250.0,1275.0,1295.0,1275.0,1300.0,1275.0,1305.0,1400.0,1450.0,1450.0,1400.0,1400.0,1400.0,1350.0,1420.0,1450.0,1497.5,1450.0,1600.0,1475.0,1500.0,1400.0,1400.0,1400.0,1450.0,1450.0,1350.0,1400.0,1500.0,1600.0,1600.0,1600.0,1595.0,1495.0,1450.0,1475.0,1450.0,1400.0,1500.0,1600.0,1650.0,1657.5,1650.0,1550.0,1500.0,1450.0,1500.0,1500.0,1500.0,1500.0,1650.0,1600.0,1600.0,1600.0,1600.0,1500.0,1495.0,1550.0,1647.5,1600.0,1500.0,1550.0,1394.2894736842106
264,New Haven,CT,New Haven County,265,,,,,,,,,,,,,,,,,,,,,,,,,,,,,,,,,,,,,,,,,,,,,,,,,,,,,,,,,,,,,,,,,,,,,,,,,,,,,,,,,1500.0,1495.0,1400.0,1500.0,1400.0,1450.0,1500.0,1550.0,1512.5,1550.0,1550.0,1500.0,1550.0,1550.0,1500.0,1500.0,1500.0,1500.0,1500.0,1500.0,1600.0,1600.0,1500.0,1500.0,1450.0,1450.0,1400.0,1400.0,1400.0,1400.0,1475.0,1600.0,1600.0,1600.0,1700.0,1595.0,1500.0,1445.0,1400.0,1450.0,1471.6463414634147
267,Stamford,CT,Fairfield County,268,,,,,,2108.5,2425.0,2250.0,1964.0,1860.0,1850.0,1957.0,2000.0,2115.0,2100.0,2165.0,2185.0,2200.0,2200.0,2250.0,2275.0,2275.0,2200.0,2400.0,2250.0,2250.0,2200.0,2200.0,2175.0,2162.5,2200.0,2100.0,2225.0,2195.0,2200.0,2000.0,2000.0,1950.0,2197.5,2300.0,2250.0,2195.0,2100.0,2200.0,2350.0,2350.0,2362.5,2500.0,2300.0,2300.0,2195.0,2195.0,2250.0,2250.0,2300.0,2400.0,2400.0,2400.0,2350.0,2400.0,2300.0,2300.0,2295.0,2295.0,2295.0,2222.5,2200.0,2262.5,2300.0,2300.0,2300.0,2250.0,2300.0,2300.0,2250.0,2300.0,2450.0,2497.5,2300.0,2372.5,2395.0,2400.0,2200.0,2300.0,2200.0,2200.0,2250.0,2200.0,2250.0,2300.0,2300.0,2495.0,2400.0,2250.0,2200.0,2200.0,2250.0,2245.0,2200.0,2200.0,2300.0,2350.0,2375.0,2400.0,2450.0,2390.0,2350.0,2299.5,2250.0,2250.0,2200.0,2250.0,2300.0,2345.0,2400.0,2400.0,2450.0,2400.0,2400.0,2400.0,2242.969827586207
273,Allentown,PA,Lehigh County,274,,,,,,,,,,,,,1000.0,1000.0,1000.0,1000.0,1107.0,1097.5,1100.0,1000.0,997.5,995.0,975.0,937.5,925.0,995.0,1025.0,1000.0,950.0,999.0,995.0,950.0,950.0,995.0,1000.0,995.0,1050.0,1000.0,1000.0,1050.0,1017.5,1072.5,995.0,995.0,1000.0,1050.0,1095.0,1050.0,1050.0,1075.0,1075.0,1095.0,1100.0,1095.0,1000.0,1075.0,1097.5,1100.0,1150.0,1100.0,1100.0,1100.0,1100.0,1185.0,1100.0,1200.0,1195.0,1100.0,1085.0,1085.0,1100.0,1050.0,1100.0,1095.0,1100.0,1100.0,1100.0,1125.0,1100.0,1112.5,1099.0,1150.0,1000.0,1025.0,1100.0,1175.0,1195.0,1100.0,1100.0,1100.0,1100.0,1150.0,1150.0,1100.0,1150.0,1100.0,1150.0,1185.0,1200.0,1200.0,1250.0,1200.0,1200.0,1200.0,1200.0,1195.0,1195.0,1195.0,1200.0,1250.0,1220.0,1200.0,1200.0,1197.5,1200.0,1200.0,1200.0,1200.0,1200.0,1300.0,1088.201834862385
277,Hartford,CT,Hartford County,278,,,,,,,,,,,,,,,,,,,,,,,,,,,,,,,,,,,,,,,,,,,,,,,1075.0,1100.0,1050.0,1026.0,850.0,887.5,862.5,950.0,975.0,900.0,900.0,950.0,980.0,987.5,995.0,995.0,1000.0,995.0,980.0,997.5,1000.0,1000.0,1050.0,1125.0,1050.0,1000.0,1001.0,1150.0,1150.0,1200.0,1225.0,1200.0,1075.0,1000.0,1050.0,1050.0,1150.0,1050.0,1100.0,1200.0,1200.0,1200.0,1200.0,1200.0,1192.5,1197.5,1200.0,1200.0,1200.0,1150.0,1150.0,1100.0,1125.0,1150.0,1150.0,1150.0,1150.0,1150.0,1150.0,1050.0,1000.0,1050.0,1050.0,995.0,997.5,1000.0,1001.0,995.0,995.0,1001.0,1100.0,1099.0,1100.0,1100.0,1057.4466666666667
285,Town Of Amherst,NY,Erie County,286,,,,,,,,,,,,,,,,,,,,,,,,,,,,,,,,,,,,,,,,,,,,,,,,,,,,,,,,,,,,,,,,,,,,,,,,,,,,,,,,,,,,,1400.0,1387.5,1350.0,1450.0,1592.5,1500.0,1400.0,1452.5,1500.0,1495.0,1399.0,1400.0,1495.0,1500.0,1532.5,1500.0,1500.0,1530.0,1750.0,1617.5,1500.0,1550.0,1650.0,1500.0,1600.0,1590.0,1540.0,1500.0,1599.5,1600.0,1645.0,1700.0,1700.0,1572.5,1600.0,1550.0,1498.2297297297298
322,Manchester,NH,Hillsborough County,323,,,,,,,,,,,,,,,,,,,,1172.5,1285.0,1200.0,1200.0,1195.0,1150.0,1167.5,975.0,950.0,995.0,1000.0,1175.0,1187.5,1100.0,1145.0,1250.0,1152.5,1100.0,1097.5,1100.0,1100.0,1172.5,1100.0,1035.0,1097.0,1200.0,1285.0,1250.0,1250.0,1250.0,1250.0,1250.0,1250.0,1212.5,1250.0,1297.5,1280.0,1300.0,1280.0,1250.0,1295.0,1297.5,1295.0,1300.0,1295.0,1300.0,1350.0,1300.0,1300.0,1350.0,1350.0,1325.0,1400.0,1300.0,1375.0,1350.0,1375.0,1400.0,1390.0,1350.0,1300.0,1400.0,1400.0,1300.0,1300.0,1280.0,1262.5,1300.0,1400.0,1350.0,1400.0,1297.5,1300.0,1300.0,1337.5,1300.0,1295.0,1295.0,1300.0,1397.5,1410.0,1400.0,1395.0,1350.0,1485.0,1462.5,1472.5,1492.5,1400.0,1400.0,1400.0,1400.0,1400.0,1400.0,1400.0,1400.0,1450.0,1495.0,1400.0,1450.0,1522.5,1279.1911764705883
325,Lowell,MA,Middlesex County,326,,,,,,,,,,,,,,,,1150.0,1200.0,1150.0,1265.0,1200.0,1275.0,1250.0,1235.0,1282.5,1270.0,1290.0,1200.0,1200.0,1200.0,1300.0,1350.0,1300.0,1200.0,1350.0,1300.0,1252.5,1287.5,1350.0,1350.0,1400.0,1295.0,1250.0,1200.0,1300.0,1300.0,1400.0,1250.0,1300.0,1300.0,1200.0,1250.0,1250.0,1200.0,1297.5,1400.0,1400.0,1400.0,1400.0,1400.0,1350.0,1300.0,1300.0,1300.0,1250.0,1325.0,1400.0,1400.0,1337.5,1300.0,1400.0,1390.0,1390.0,1350.0,1400.0,1400.0,1275.0,1350.0,1297.5,1295.0,1400.0,1400.0,1400.0,1400.0,1375.0,1400.0,1400.0,1400.0,1400.0,1500.0,1500.0,1500.0,1500.0,1500.0,1450.0,1500.0,1500.0,1525.0,1500.0,1500.0,1600.0,1650.0,1777.0,1800.0,1661.0,1600.0,1595.0,1500.0,1500.0,1600.0,1600.0,1600.0,1650.0,1700.0,1846.5,1789.0,1775.0,1750.0,1700.0,1663.0,1644.0,1392.3254716981132
326,Waterbury,CT,New Haven County,327,,,,,,,,,,,,,,,,,,,,,,,,,,,,,,,,,,,,,,,,,,,,,,1100.0,1100.0,1100.0,1100.0,1050.0,1025.0,1100.0,1150.0,1197.5,1185.0,1200.0,1185.0,1200.0,1195.0,1162.5,1185.0,1100.0,1150.0,1125.0,1100.0,1150.0,1100.0,1012.5,1100.0,1150.0,1100.0,1100.0,1100.0,1100.0,1100.0,1000.0,1000.0,1000.0,1075.0,1100.0,1075.0,1100.0,1100.0,1087.5,1100.0,1100.0,1150.0,1150.0,1200.0,1200.0,1150.0,1100.0,1100.0,1100.0,1050.0,1050.0,1100.0,1185.0,1150.0,1100.0,1162.5,1175.0,1200.0,1200.0,1150.0,1100.0,1100.0,1100.0,1100.0,1150.0,1100.0,1150.0,1100.0,1100.0,1100.0,1100.0,1100.0,1100.0,1100.0,1100.0,1106.046052631579
332,Cambridge,MA,Middlesex County,333,,,,,,,,,,,,,,,,,2389.0,2400.0,2450.0,2500.0,2668.0,2713.0,2603.0,2587.5,2747.0,2753.5,2625.5,2518.0,2500.0,2630.0,2600.0,2600.0,2800.0,2891.5,2800.0,2736.0,2700.0,2752.5,2800.0,2800.0,2700.0,2685.0,2700.0,2747.0,2700.0,2897.0,2895.0,2800.0,2800.0,2800.0,2800.0,2800.0,2850.0,2800.0,2700.0,2700.0,2800.0,2800.0,2800.0,2800.0,2797.5,2800.0,2800.0,2800.0,2800.0,2800.0,2800.0,2800.0,2800.0,2750.0,2750.0,2800.0,2800.0,2800.0,2800.0,2862.0,2950.0,2929.0,2850.0,2900.0,2900.0,2897.5,2850.0,2897.5,2800.0,2850.0,2939.5,2975.0,2990.0,3000.0,2956.0,2900.0,2900.0,2862.0,2880.0,2897.5,2800.0,2832.5,2900.0,3000.0,2950.0,2950.0,3000.0,2995.0,2997.5,2995.0,2955.5,2950.0,2950.0,3000.0,3000.0,3037.5,3055.0,3000.0,3000.0,2975.0,2950.0,2900.0,2902.0,2995.0,2794.714285714286
341,West Chester,PA,Chester County,342,,,,,,,,,,,,,1950.0,1750.0,1650.0,1550.0,1800.0,1750.0,1847.5,1675.0,1612.5,1850.0,1650.0,1875.0,2000.0,1800.0,1800.0,1895.0,1800.0,1800.0,1800.0,1800.0,1775.0,1800.0,1600.0,1600.0,1625.0,1697.5,1687.5,1787.5,1750.0,1750.0,1850.0,1700.0,1690.0,1700.0,1600.0,1672.5,1700.0,1725.0,1750.0,1850.0,1850.0,1850.0,1862.5,1800.0,1850.0,1750.0,1825.0,1800.0,1825.0,1800.0,1850.0,1900.0,1900.0,1950.0,1900.0,1900.0,1900.0,1862.5,1900.0,1900.0,1925.0,1925.0,1850.0,1850.0,1800.0,1850.0,1900.0,1850.0,2000.0,1850.0,1900.0,1875.0,1900.0,1850.0,1900.0,1950.0,1900.0,1900.0,1900.0,1900.0,1900.0,1900.0,1900.0,1937.5,2000.0,2025.0,1900.0,1850.0,1900.0,2000.0,2000.0,1981.0,2000.0,1950.0,1925.0,2000.0,1985.0,1997.5,1950.0,1900.0,2000.0,2000.0,2150.0,2200.0,2150.0,2022.5,1900.0,1900.0,1840.1880733944956
355,Erie,PA,Erie County,356,,,,,,,,,,,,,,,,,,,,,,,,,,,,,,,,,,,,,,,,,,,,,,,,,,,,,,,,,,,,,,,,,,,,,,,,,,,,,,,,,,,,,890.0,894.5,897.5,900.0,900.0,872.5,900.0,895.0,890.0,875.0,875.0,895.0,885.0,875.0,950.0,975.0,955.0,925.0,950.0,940.0,875.0,875.0,885.0,942.5,950.0,975.0,1000.0,1040.0,900.0,945.0,950.0,937.0,950.0,900.0,900.0,950.0,904.5945945945946
362,Albany,NY,Albany County,363,,,,,,,,,,,,,,,,,,,,,,,,,,,,,,,,,,,,,,,,,,,,,,,,,,,,,,,,,,,,,,,,,,,,,,,,,,,,,,,,,,,,,1337.5,1450.0,1500.0,1470.0,1470.0,1350.0,1425.0,1225.0,1272.5,1350.0,1300.0,1500.0,1350.0,1500.0,1500.0,1600.0,1490.0,1397.5,1500.0,1450.0,1375.0,1375.0,1375.0,1362.5,1400.0,1450.0,1500.0,1600.0,1600.0,1500.0,1500.0,1575.0,1549.5,1450.0,1500.0,1550.0,1417.9054054054054
427,Reading,PA,Berks County,428,,,,,,,,,,,,,,,,,,,,,,,,,,,,,,,,,,,,,,,,,,,,,,,,,,,,,,,,,,,,,,,,,,,,,,,,,,,,,,,,,,,,750.0,700.0,750.0,750.0,740.0,837.5,780.0,750.0,800.0,800.0,800.0,750.0,800.0,787.5,775.0,750.0,775.0,795.0,750.0,800.0,797.5,750.0,795.0,795.0,762.5,775.0,797.5,812.5,795.0,795.0,837.5,850.0,825.0,800.0,800.0,812.5,795.0,775.3421052631579
440,Lynn,MA,Essex County,441,,,,,,,,,,,,,,,,,,,,,,,,,,,,,,,,,,,,,,,,,,,,,,,,,,,,,,,,,,,,,,,,,,,,,,,,,,,,,,,,,,1425.0,1350.0,1350.0,1350.0,1500.0,1500.0,1500.0,1600.0,1650.0,1700.0,1612.5,1725.0,1625.0,1500.0,1475.0,1500.0,1500.0,1600.0,1600.0,1475.0,1525.0,1625.0,1600.0,1500.0,1575.0,1600.0,1700.0,1725.0,1800.0,1800.0,1700.0,1500.0,1600.0,1625.0,1800.0,1625.0,1600.0,1800.0,1800.0,1561.9625
457,Newton,MA,Middlesex County,458,,,,,,,,,,,,,,,,,2100.0,2300.0,2375.0,2300.0,2287.5,2400.0,2400.0,2400.0,2300.0,2275.0,2400.0,2600.0,2800.0,2950.0,2800.0,2500.0,2500.0,2495.0,2470.0,2225.0,2500.0,2500.0,2800.0,2800.0,2800.0,2850.0,2600.0,2400.0,2400.0,2500.0,2500.0,2500.0,2500.0,2500.0,2500.0,2502.0,2825.0,2850.0,2900.0,2800.0,2800.0,2550.0,2575.0,2625.0,2625.0,2700.0,2700.0,2675.0,2675.0,2650.0,2700.0,2600.0,2800.0,2800.0,2700.0,2850.0,3000.0,3000.0,3000.0,3000.0,3100.0,2950.0,3172.5,2800.0,2725.0,2775.0,2800.0,2800.0,2825.0,3050.0,3200.0,3200.0,3300.0,3200.0,3200.0,2995.0,3000.0,3100.0,3100.0,3000.0,3000.0,2899.5,2925.0,3050.0,3200.0,3200.0,3000.0,3000.0,3000.0,3000.0,3000.0,3000.0,3000.0,3200.0,3400.0,3700.0,3500.0,3350.0,3300.0,3100.0,3200.0,3200.0,3300.0,3300.0,2790.519047619048
472,Nashua,NH,Hillsborough County,473,,,,,,,,,,,,,,,,,,,,,,,,,,,,,,,,,,,,,,,,,,,,,,,,,,,,,,,,,,,,,,,,,,,,,,,,,,,,,,,,,,,,,,,,,,,,,,,,,,,,,,1600.0,1600.0,1700.0,1700.0,1695.0,1672.5,1500.0,1500.0,1500.0,1500.0,1525.0,1600.0,1695.0,1797.5,1700.0,1895.0,1950.0,1800.0,1800.0,1610.15
505,Danbury,CT,Fairfield County,506,,,,,,,,,,,,1750.0,1637.5,1500.0,1500.0,1562.5,1650.0,1650.0,1562.5,1650.0,1550.0,1550.0,1575.0,1525.0,1500.0,1500.0,1500.0,1600.0,1700.0,1800.0,1850.0,1700.0,1700.0,1667.5,1650.0,1650.0,1697.5,1500.0,1500.0,1750.0,1650.0,1725.0,1600.0,1700.0,1700.0,1795.0,1795.0,1800.0,1650.0,1772.5,1700.0,1700.0,1795.0,1775.0,1800.0,1762.5,1700.0,1700.0,1750.0,1800.0,1750.0,1750.0,1750.0,1700.0,1950.0,1850.0,1897.5,1925.0,1850.0,1900.0,1962.5,1900.0,1797.5,1650.0,1800.0,1800.0,1700.0,1700.0,1700.0,1725.0,1800.0,1712.5,1595.0,1750.0,1750.0,1762.5,1895.0,1800.0,1800.0,1800.0,1900.0,1850.0,1800.0,1850.0,1800.0,1700.0,1725.0,1750.0,1637.5,1700.0,1750.0,1900.0,1975.0,1800.0,1800.0,1725.0,1650.0,1750.0,1750.0,1800.0,1700.0,1800.0,1800.0,1800.0,1787.5,1750.0,1825.0,1925.0,2000.0,1900.0,1724.7818181818182
506,Norwalk,CT,Fairfield County,507,,,,,,,,,,,,,,,,,,,,,,2700.0,2500.0,2495.0,2495.0,2272.5,2400.0,2500.0,2400.0,2375.0,2295.0,2500.0,2350.0,2300.0,2500.0,2425.0,2400.0,2225.0,2200.0,2100.0,2200.0,2250.0,2550.0,2575.0,2500.0,2550.0,2400.0,2400.0,2400.0,2400.0,2250.0,2200.0,2350.0,2400.0,2350.0,2400.0,2450.0,2400.0,2450.0,2500.0,2500.0,2475.0,2450.0,2500.0,2500.0,2500.0,2500.0,2600.0,2550.0,2500.0,2500.0,2500.0,2500.0,2475.0,2500.0,2500.0,2550.0,2575.0,2575.0,2600.0,2600.0,2600.0,2450.0,2500.0,2500.0,2475.0,2500.0,2500.0,2550.0,2475.0,2500.0,2500.0,2400.0,2450.0,2550.0,2575.0,2650.0,2550.0,2650.0,2450.0,2400.0,2500.0,2400.0,2400.0,2400.0,2400.0,2300.0,2250.0,2250.0,2250.0,2250.0,2250.0,2400.0,2425.0,2400.0,2475.0,2475.0,2400.0,2525.0,2650.0,2424.895
515,Quincy,MA,Norfolk County,516,,,,,,,,,,,,,,,,,,1612.5,1600.0,1650.0,1600.0,1625.0,1600.0,1590.0,1500.0,1450.0,1450.0,1597.5,1600.0,1665.0,1635.0,1600.0,1650.0,1700.0,1650.0,1612.0,1600.0,1618.5,1600.0,1662.5,1700.0,1710.0,1650.0,1604.0,1600.0,1612.5,1600.0,1650.0,1650.0,1600.0,1600.0,1650.0,1700.0,1787.5,1800.0,1849.0,1825.0,1697.5,1675.0,1675.0,1700.0,1700.0,1700.0,1690.0,1700.0,1700.0,1850.0,1825.0,1825.0,1800.0,1800.0,1850.0,1800.0,1800.0,1850.0,1800.0,1700.0,1850.0,1750.0,1762.5,1850.0,1950.0,1925.0,1850.0,1875.0,1850.0,1850.0,1900.0,1975.0,1900.0,1900.0,1900.0,1962.5,1972.5,1850.0,1900.0,2000.0,2000.0,2000.0,2000.0,1950.0,1997.5,1900.0,1895.0,1812.5,1900.0,1999.5,1950.0,1925.0,2000.0,1950.0,1900.0,1937.5,1950.0,2000.0,2100.0,2075.0,2100.0,2000.0,1999.0,1771.375
527,Cranston,RI,Providence County,528,,,,,,,,,,,,,,,,,,,,,,,,,,,,,,,,,,,,,,,,,,,,,,,,,,,,,,,,,,,,,,,,,,,,,,,,,,,,,,,,,,,,,,,,,,,,,,,,,,,,,,,,,,,,1700.0,1625.0,1550.0,1500.0,1487.5,1725.0,1850.0,1875.0,1800.0,1750.0,1625.0,1400.0,1600.0,1572.5357142857142
551,Lancaster Township,PA,Lancaster County,552,,,,,,,,,,,,,,,,,,,,,,,,,,,,,,,,,,,,,,,,,,,,,,,,,,,,,,,,,,,,,,,,,,,,,,,,,,,,,,,,900.0,967.5,977.5,875.0,950.0,972.5,1000.0,1100.0,1100.0,1085.0,995.0,1097.5,1097.5,1100.0,995.0,995.0,982.5,950.0,1025.0,1050.0,1005.0,1097.5,1175.0,1195.0,1146.0,1050.0,1095.0,999.0,1045.0,1037.5,1100.0,1072.5,1095.0,1150.0,1150.0,1195.0,1195.0,1195.0,1100.0,1100.0,1150.0,1050.345238095238
554,Town of Colonie,NY,Albany County,555,,,,,,,,,,,,,,,,,,,,,,,,,,,,,,,,,,,,,,,,,,,,,,,,,,,,,,,,,,,,,,,,,,,,,,,,,,,,,,,,,,,,,,,,,,1862.5,2000.0,1900.0,1850.0,1680.0,1525.0,1797.5,1895.0,1837.5,1800.0,1800.0,1700.0,1675.0,1675.0,1685.0,1712.5,1722.5,1700.0,1625.0,1650.0,1647.5,1750.0,1635.0,1650.0,1650.0,1712.5,1800.0,1850.0,1800.0,1625.0,1612.5,1699.375
559,Somerville,MA,Middlesex County,560,,,,,,,,,,,,,,,,,,,,,,,,,,,,2500.0,2600.0,2600.0,2500.0,2385.0,2405.0,2482.5,2400.0,2500.0,2465.0,2440.0,2400.0,2500.0,2400.0,2400.0,2400.0,2300.0,2350.0,2400.0,2300.0,2300.0,2330.0,2400.0,2400.0,2400.0,2500.0,2500.0,2400.0,2400.0,2400.0,2400.0,2400.0,2385.0,2400.0,2397.5,2500.0,2500.0,2650.0,2700.0,2700.0,2600.0,2500.0,2400.0,2350.0,2400.0,2362.5,2400.0,2600.0,2500.0,2750.0,2800.0,2700.0,2795.0,2800.0,2700.0,2600.0,2500.0,2500.0,2700.0,2800.0,2900.0,2975.0,2800.0,2800.0,2800.0,2800.0,2600.0,2600.0,2612.5,2600.0,2600.0,2840.0,2975.0,2975.0,3000.0,3000.0,2962.5,2800.0,2700.0,2600.0,2800.0,2750.0,2725.0,3000.0,3100.0,3100.0,3000.0,3000.0,2950.0,2875.0,2800.0,2700.0,2650.0,2590.398936170213
576,Scranton,PA,Lackawanna County,577,,,,,,,,,,,,,,,,,,,,,,,,,,,,,,,,,,,,,,,,,,,,,,,,,,,,,,,,,,,,,,,,,,,,,,,,,,,,,,,,,,,,,,850.0,950.0,912.5,900.0,925.0,912.5,950.0,950.0,850.0,900.0,950.0,937.5,950.0,925.0,897.5,865.0,925.0,850.0,950.0,950.0,875.0,885.0,950.0,1000.0,1000.0,950.0,987.5,997.5,1000.0,995.0,995.0,987.0,1100.0,1100.0,1000.0,936.0833333333334
581,Schenectady,NY,Schenectady County,582,,,,,,,,,,,,,,,,,,,,,,,,,,,,,,,,,,,,,,,,,,,,,,,,,,,,,,,,,,,,,,,,,,,,,,,,,,,,,,,,,,,,,,,1300.0,1495.0,1512.5,1450.0,1500.0,1400.0,1472.5,1500.0,1550.0,1450.0,1400.0,1495.0,1472.5,1550.0,1550.0,1550.0,1450.0,1500.0,1487.5,1450.0,1400.0,1485.0,1387.5,1387.5,1400.0,1400.0,1450.0,1462.5,1512.5,1497.5,1485.0,1372.5,1500.0,1500.0,1438.7714285714285
587,Town of Poughkeepsie,NY,Dutchess County,588,,,,,,,,,,,,,,,,,,,,,,,,,,,,,,,,,,,,,,,,,,,,,,,,,,,,,,,,,,,,,,,,,,,,,,,,,,,,,,,,,,,,,,1650.0,1562.5,1575.0,1695.0,1725.0,1672.5,1662.5,1695.0,1800.0,1800.0,1800.0,1700.0,1500.0,1585.0,1547.5,1712.5,1675.0,1662.5,1637.5,1600.0,1775.0,1800.0,1825.0,1787.5,1800.0,1850.0,1850.0,1850.0,1825.0,1750.0,1675.0,1700.0,1800.0,1800.0,1850.0,1688.4166666666667
592,Bethlehem,PA,Northampton County,593,,,,,,,,,,,,,,,,,,,1222.5,1197.5,1150.0,1200.0,1200.0,1045.0,1100.0,1225.0,1200.0,1200.0,1200.0,1200.0,1200.0,1249.0,1200.0,1200.0,1177.5,1150.0,1150.0,1100.0,1100.0,1172.5,1199.0,1200.0,1195.0,1100.0,1100.0,1150.0,1200.0,1150.0,1197.5,1199.0,1200.0,1200.0,1250.0,1300.0,1250.0,1250.0,1250.0,1250.0,1200.0,1195.0,1195.0,1200.0,1272.5,1300.0,1250.0,1250.0,1250.0,1200.0,1250.0,1250.0,1250.0,1300.0,1300.0,1200.0,1272.5,1250.0,1250.0,1300.0,1260.0,1295.0,1372.5,1362.5,1250.0,1195.0,1300.0,1300.0,1300.0,1372.5,1375.0,1400.0,1399.0,1295.0,1325.0,1297.5,1300.0,1300.0,1300.0,1375.0,1350.0,1385.0,1400.0,1450.0,1400.0,1500.0,1500.0,1495.0,1400.0,1395.0,1395.0,1395.0,1350.0,1425.0,1400.0,1425.0,1395.0,1350.0,1350.0,1390.0,1375.0,1400.0,1265.111650485437
603,Warwick,RI,Kent County,604,,,,,,,,,,,,,,,,,,,,,,,,,,,,,,,,,,,,,,,,,,,,,,,,,,,,,,,,,,,,,,,,,,,,,,,,,,,,,,,,,,,,1500.0,1500.0,1500.0,1500.0,1600.0,1600.0,1525.0,1512.5,1500.0,1600.0,1600.0,1500.0,1500.0,1600.0,1517.5,1600.0,1662.5,1662.5,1550.0,1725.0,1700.0,1625.0,1600.0,1600.0,1600.0,1600.0,1675.0,1650.0,1695.0,1700.0,1700.0,1700.0,1700.0,1700.0,1650.0,1600.0,1750.0,1581.6842105263158
610,New Britain,CT,Hartford County,611,,,,,,,,,,,,,,,,,,,,,,,,,,,,,,,,,,,,,,,,,,,,,,,,,,,,,,,,,,,,,,,,,,,,,,,,,,,,,,,,,,,,,,,,,,,,,,,,,,,,,1200.0,1100.0,1100.0,1200.0,1200.0,1300.0,1275.0,1250.0,1297.5,1300.0,1400.0,1500.0,1500.0,1395.0,1350.0,1200.0,1224.5,1295.0,1495.0,1375.0,1265.142857142857
672,Mount Vernon,NY,Westchester County,673,,,,,,,,,,,,,,,,,,,,,,,,,,,,,,,,,,,,,,,,,,,,,,,,,,,,,,,,,,,,,,,,,,,,,,,,,,,,,,,,,,,,,,,,,,,,,,,,,,1825.0,1850.0,1837.5,1850.0,2000.0,2000.0,2000.0,2000.0,1995.0,1800.0,1982.5,1800.0,1825.0,1862.5,1850.0,2000.0,1995.0,1945.0,2000.0,1900.0,1800.0,1950.0,1990.0,1863.7708333333333
686,Portland,ME,Cumberland County,687,,,,,,,,,,,,,,,,,,,,,,,,,,,,,,,,,,,,,,,,,,,,,,,,,,,,,,,,,,,,,,,,,,,,,,,,,,,,,,,,,,,,,1900.0,2000.0,1950.0,1900.0,1950.0,2000.0,2050.0,2100.0,1997.5,1992.5,1895.0,1900.0,1925.0,1900.0,1900.0,2200.0,1995.0,2062.5,2200.0,2050.0,2172.5,2100.0,2000.0,2000.0,2000.0,2000.0,1997.5,2200.0,2200.0,2000.0,2175.0,2200.0,2000.0,2000.0,2000.0,2000.0,1989.175675675676
720,West Hartford,CT,Hartford County,721,,,,,,,,,,,,,,,2200.0,2100.0,2200.0,2200.0,2200.0,2100.0,1975.0,1900.0,1850.0,1800.0,1850.0,1800.0,1850.0,1800.0,1800.0,1850.0,1850.0,1700.0,1850.0,1850.0,1872.5,1800.0,1775.0,1850.0,1950.0,2000.0,2100.0,2200.0,2200.0,2050.0,2200.0,2200.0,2100.0,2000.0,2000.0,2000.0,2000.0,2000.0,2200.0,2200.0,2200.0,2100.0,2100.0,2100.0,2250.0,2250.0,2200.0,2250.0,2250.0,2250.0,2300.0,2300.0,2300.0,2200.0,2200.0,2050.0,2100.0,2200.0,2200.0,2200.0,2300.0,2300.0,2300.0,2200.0,2200.0,2250.0,2250.0,2200.0,2250.0,2100.0,2200.0,2300.0,2300.0,2200.0,2200.0,2100.0,2175.0,2200.0,2150.0,2100.0,2075.0,2000.0,2000.0,2137.5,2200.0,2100.0,2100.0,2200.0,2200.0,2050.0,2087.5,2012.5,1982.5,1950.0,1950.0,2097.5,2100.0,1995.0,2099.0,2187.5,2200.0,2100.0,2100.0,2000.0,2000.0,2000.0,2077.967289719626
739,Waltham,MA,Middlesex County,740,,,,,,,,,,,,,,,,,,,,,2325.0,2025.0,2000.0,1974.5,2000.0,2038.0,2100.0,2125.0,2100.0,2100.0,2215.0,2200.0,2330.0,2243.0,2250.0,2095.0,2090.0,2157.5,2115.0,2152.5,2156.0,2200.0,2220.0,2100.0,2050.0,2245.0,2168.0,2163.0,2212.5,2245.0,2200.0,2250.0,2310.0,2300.0,2310.0,2350.0,2310.0,2290.0,2255.0,2260.0,2310.0,2300.0,2271.0,2300.0,2308.0,2295.0,2303.0,2280.0,2300.0,2275.5,2300.0,2300.0,2300.0,2330.0,2330.0,2300.0,2300.0,2306.0,2297.5,2310.0,2310.0,2273.0,2260.0,2310.0,2275.5,2260.0,2300.0,2310.0,2310.0,2300.0,2300.0,2330.0,2300.0,2200.0,2200.0,2186.0,2271.0,2290.0,2333.0,2382.0,2360.0,2371.0,2400.0,2391.5,2394.0,2300.0,2388.0,2360.0,2349.0,2341.0,2450.0,2500.0,2460.5,2400.0,2400.0,2382.0,2300.0,2400.0,2370.0,2300.0,2250.529702970297
742,Haverhill,MA,Essex County,743,,,,,,,,,,,,,,,,,,,,,,,,,,,,,,,,,,,,,,,,,,,,,,,,,,,,,,,,,,,,,,,,,,,,,,,,,,,,,,,,,,,,,,,,,,,,,,,,1615.0,1600.0,1615.0,1607.5,1615.0,1592.5,1587.5,1612.5,1600.0,1612.5,1612.5,1650.0,1600.0,1600.0,1675.0,1675.0,1650.0,1700.0,1700.0,1600.0,1650.0,1600.0,1595.0,1600.0,1645.0,1590.5
752,Hamden,CT,New Haven County,753,,,,,,,,,,,,,,,,,1625.0,1750.0,1750.0,1900.0,1800.0,1650.0,1575.0,1575.0,1500.0,1475.0,1500.0,1625.0,1550.0,1500.0,1600.0,1600.0,1600.0,1500.0,1475.0,1400.0,1385.0,1500.0,1507.5,1600.0,1695.0,1650.0,1650.0,1600.0,1675.0,1650.0,1700.0,1700.0,1675.0,1650.0,1650.0,1675.0,1750.0,1750.0,1725.0,1650.0,1697.5,1750.0,1697.5,1697.5,1650.0,1600.0,1625.0,1797.5,1795.0,1725.0,1700.0,1697.5,1700.0,1800.0,1795.0,1697.5,1700.0,1675.0,1695.0,1612.5,1697.5,1650.0,1797.5,1675.0,1800.0,1800.0,1800.0,1650.0,1525.0,1500.0,1600.0,1537.5,1700.0,1550.0,1650.0,1675.0,1772.5,1725.0,1650.0,1625.0,1650.0,1650.0,1750.0,1747.5,1675.0,1750.0,1700.0,1700.0,1800.0,1850.0,1850.0,1725.0,1795.0,1795.0,1750.0,1800.0,1800.0,1800.0,1800.0,2000.0,2100.0,2197.5,1950.0,1800.0,1680.6
766,Malden,MA,Middlesex County,767,,,,,,,,,,,,,,,,,,,,,,,,,,,,,,,,,,,,,,,,,,,,,,,,,,,,,,,,,,,,,,,,,,,,,,,,,,,,,,,,,,1495.0,1485.0,1600.0,1750.0,1700.0,1700.0,1800.0,1750.0,1800.0,1800.0,1825.0,1812.5,1850.0,1850.0,1800.0,1800.0,1800.0,2000.0,1800.0,1900.0,2100.0,2000.0,2000.0,1900.0,1850.0,1875.0,2000.0,2000.0,2000.0,2000.0,2100.0,2000.0,1950.0,2000.0,2000.0,2000.0,2050.0,2050.0,2100.0,1851.4875
770,Bristol,CT,Hartford County,771,,,,,,,,,,,,,,,,,,,,,,,,,,,,945.0,987.5,1012.5,1100.0,1100.0,1175.0,1100.0,1100.0,1100.0,1025.0,900.0,980.0,1000.0,1100.0,1000.0,1100.0,1100.0,1200.0,1200.0,1200.0,1200.0,1200.0,1200.0,1200.0,1200.0,1300.0,1250.0,1225.0,1200.0,1300.0,1347.5,1287.5,1200.0,1225.0,1200.0,1275.0,1300.0,1250.0,1250.0,1200.0,1200.0,1250.0,1250.0,1200.0,1250.0,1225.0,1300.0,1250.0,1450.0,1300.0,1200.0,1300.0,1275.0,1200.0,1300.0,1200.0,1200.0,1200.0,1200.0,1200.0,1200.0,1200.0,1200.0,1200.0,1300.0,1300.0,1250.0,1250.0,1250.0,1250.0,1300.0,1350.0,1300.0,1325.0,1300.0,1300.0,1300.0,1300.0,1300.0,1325.0,1300.0,1275.0,1262.5,1300.0,1250.0,1350.0,1300.0,1300.0,1300.0,1300.0,1300.0,1300.0,1300.0,1215.8882978723404
772,Greenwich,CT,Fairfield County,773,,,,,,,,,,,,,,,,,,,,,,,,,,,,,,,,,,,,,,,,,6800.0,5900.0,5950.0,5800.0,5999.0,5500.0,5500.0,6000.0,5950.0,5900.0,6000.0,5825.0,6400.0,6000.0,6000.0,6250.0,5500.0,5900.0,5900.0,5500.0,5900.0,6000.0,6250.0,6800.0,6800.0,6650.0,6495.0,6495.0,6000.0,5700.0,5000.0,5000.0,5300.0,5000.0,5147.5,5900.0,6000.0,6250.0,6000.0,6500.0,6500.0,6225.0,5925.0,5950.0,5900.0,5350.0,5750.0,6000.0,6250.0,6000.0,6500.0,6500.0,6200.0,5500.0,5400.0,5200.0,5475.0,5300.0,5850.0,6100.0,6000.0,5800.0,5900.0,5700.0,5700.0,5700.0,5975.0,6500.0,6300.0,6000.0,6100.0,6000.0,6500.0,6600.0,6000.0,6050.0,6100.0,5950.0,5950.0,5965.0,5891.351851851852
781,Fairfield,CT,Fairfield County,782,,,,,,,,,,,3000.0,2875.0,2800.0,2800.0,2800.0,2700.0,2950.0,2900.0,2975.0,2900.0,2700.0,2500.0,2500.0,2500.0,2550.0,2600.0,2750.0,3000.0,3000.0,3000.0,3000.0,2800.0,2800.0,2800.0,3000.0,2950.0,2925.0,2800.0,2800.0,3000.0,2800.0,3000.0,2700.0,2500.0,2500.0,2825.0,2600.0,2600.0,2500.0,2500.0,2600.0,2650.0,2800.0,2950.0,2950.0,2900.0,2950.0,3000.0,2850.0,3000.0,2925.0,2900.0,2900.0,3000.0,2800.0,2800.0,3000.0,2925.0,2700.0,2900.0,3000.0,3100.0,3000.0,3000.0,3000.0,2850.0,3000.0,2850.0,2600.0,2800.0,3100.0,3150.0,3000.0,2850.0,3000.0,2975.0,3000.0,2800.0,2900.0,2800.0,2800.0,2925.0,2995.0,2500.0,2775.0,2800.0,2900.0,3000.0,2800.0,2800.0,2900.0,2950.0,2900.0,2900.0,3000.0,2825.0,2900.0,2850.0,2875.0,2800.0,3000.0,3000.0,3000.0,2995.0,3000.0,3000.0,3200.0,2995.0,2850.0,3000.0,2842.2702702702704
783,Meriden,CT,New Haven County,784,,,,,,,,,,,,,,,,,,,,,,,,,,,997.0,997.0,999.0,1000.0,1100.0,1100.0,1100.0,1100.0,1135.0,1100.0,1100.0,1200.0,1200.0,1100.0,1100.0,1200.0,1187.5,1187.5,1295.0,1250.0,1275.0,1262.5,1262.5,1250.0,1200.0,1225.0,1250.0,1325.0,1400.0,1300.0,1300.0,1300.0,1300.0,1300.0,1330.0,1300.0,1350.0,1300.0,1300.0,1300.0,1300.0,1350.0,1300.0,1300.0,1300.0,1300.0,1250.0,1250.0,1300.0,1300.0,1300.0,1300.0,1350.0,1300.0,1300.0,1300.0,1300.0,1350.0,1312.5,1300.0,1275.0,1300.0,1297.5,1300.0,1300.0,1350.0,1350.0,1400.0,1400.0,1325.0,1300.0,1300.0,1350.0,1300.0,1350.0,1300.0,1287.5,1250.0,1225.0,1250.0,1300.0,1250.0,1300.0,1300.0,1250.0,1250.0,1250.0,1300.0,1300.0,1300.0,1250.0,1250.0,1300.0,1312.5,1255.2315789473685
788,Brookline,MA,Norfolk County,789,,,,,,,,,,,,,,,,,,,,,,,,,,,,,,,,,,,,,,,,,,,,,,,,,,,,,,,,,,,,,,,,,,,,,,,,,,,,,,,,,,,,,,,,,,,,,,,,,,,,,,2900.0,2895.0,2840.0,2800.0,2800.0,2800.0,2895.0,2975.0,2900.0,2980.0,3085.0,3000.0,3000.0,3000.0,2900.0,2900.0,2900.0,2950.0,2999.5,2815.425
805,Manchester,CT,Hartford County,806,,,,,,,,,,,,,,,,,,,1500.0,1500.0,1400.0,1350.0,1250.0,1300.0,1300.0,1225.0,1300.0,1212.5,1250.0,1400.0,1400.0,1337.5,1400.0,1350.0,1300.0,1250.0,1250.0,1250.0,1300.0,1300.0,1375.0,1297.5,1250.0,1218.0,1375.0,1300.0,1400.0,1400.0,1400.0,1350.0,1325.0,1300.0,1400.0,1395.0,1350.0,1395.0,1400.0,1300.0,1350.0,1400.0,1400.0,1375.0,1450.0,1500.0,1350.0,1400.0,1425.0,1400.0,1400.0,1400.0,1395.0,1362.5,1300.0,1300.0,1305.0,1350.0,1400.0,1300.0,1300.0,1450.0,1400.0,1400.0,1400.0,1400.0,1400.0,1397.5,1387.5,1400.0,1400.0,1350.0,1400.0,1400.0,1400.0,1400.0,1350.0,1325.0,1300.0,1400.0,1395.0,1400.0,1372.5,1350.0,1497.5,1400.0,1400.0,1350.0,1375.0,1400.0,1372.5,1397.5,1350.0,1450.0,1500.0,1500.0,1412.5,1400.0,1400.0,1400.0,1300.0,1340.0,1360.6456310679612
807,Medford,MA,Middlesex County,808,,,,,,,,,,,,,,,,,,,,,,2100.0,1992.5,2000.0,2005.0,2000.0,1950.0,1900.0,2025.0,2000.0,2000.0,2000.0,2195.0,2050.0,2075.0,1999.0,2050.0,2010.0,2000.0,2020.0,1950.0,1975.0,2070.0,2060.0,2140.0,2250.0,2300.0,2200.0,2300.0,2250.0,2225.0,2169.0,2300.0,2325.0,2200.0,2169.0,2150.0,2169.0,2169.0,2300.0,2300.0,2200.0,2169.0,2400.0,2400.0,2450.0,2200.0,2350.0,2225.0,2287.5,2300.0,2350.0,2200.0,2300.0,2250.0,2300.0,2350.0,2400.0,2300.0,2300.0,2300.0,2437.5,2380.0,2300.0,2275.0,2325.0,2350.0,2300.0,2375.0,2550.0,2600.0,2550.0,2500.0,2400.0,2300.0,2300.0,2300.0,2300.0,2500.0,2550.0,2500.0,2450.0,2700.0,2600.0,2500.0,2500.0,2400.0,2400.0,2500.0,2550.0,2600.0,2606.0,2700.0,2700.0,2700.0,2650.0,2700.0,2690.0,2525.0,2600.0,2283.455
808,Greensburg,PA,Westmoreland County,809,,,,,,,,,,,,,,,,,,,,,,,,,,,,,,,,,,,,,,,,,,,,,,,,,,,,,,,,,,,,,,,,,,,,,,,,,,,,,,,,,,,,,,800.0,865.0,942.5,900.0,862.5,870.0,897.5,850.0,850.0,835.0,842.5,775.0,770.0,850.0,872.5,800.0,850.0,850.0,800.0,785.0,850.0,900.0,875.0,897.5,850.0,867.5,875.0,895.0,925.0,885.0,870.0,895.0,785.0,862.5,800.0,853.0277777777778
810,White Plains,NY,Westchester County,811,,,,,,,,,,,,,,,,,,,,,,,,,,,,,,,,,,,,,,,,,,,,,,,,,,,,,,,,,,,,,,,,,,,,,,,,,,,,,,,,,,,,,,3200.0,3200.0,3200.0,3464.0,3600.0,3300.0,3464.0,3375.0,3250.0,3200.0,3200.0,3144.5,3000.0,3000.0,2800.0,3150.0,3150.0,3200.0,3144.5,3000.0,3100.0,3000.0,2995.0,2962.5,2775.0,3200.0,3150.0,2825.0,2875.0,2650.0,2700.0,3100.0,3300.0,3464.0,3300.0,3062.4861111111118
846,Weymouth,MA,Norfolk County,847,,,,,,,,,,,,,,,,,,,,,,,,,,,,,,,,,,,,,,,,,,,,,,,,,,,,,,,,,,,,,,,,,,,,,,,,,,,,,,,,,,,,1750.0,1700.0,1700.0,1695.0,1695.0,1672.5,1700.0,1850.0,1750.0,1850.0,1810.0,1750.0,1672.5,1650.0,1650.0,1697.5,1700.0,1672.5,1725.0,2000.0,1850.0,1850.0,1850.0,1800.0,1800.0,1800.0,1787.5,1750.0,1750.0,1800.0,1800.0,1900.0,2000.0,1900.0,1850.0,1800.0,1825.0,1753.9342105263158
881,West Haven,CT,New Haven County,882,,,,,,,,,,,,,,,,,,,,,,,,,,,,,,,,,,,,,,,,,,,,,,,,,,,,,,,,,,,,,,,,,,,,,,,,,,,,,,,,,,1350.0,1475.0,1450.0,1500.0,1600.0,1500.0,1500.0,1462.5,1400.0,1400.0,1400.0,1437.5,1500.0,1562.5,1587.5,1550.0,1600.0,1500.0,1500.0,1450.0,1572.5,1575.0,1600.0,1500.0,1500.0,1550.0,1600.0,1600.0,1800.0,1800.0,1800.0,1650.0,1470.0,1450.0,1500.0,1400.0,1400.0,1500.0,1650.0,1513.1125
892,Millcreek Township,PA,Erie County,893,,,,,,,,,,,,,,,,,,,,,,,,,,,,,,,,,,,,,,,,,,,,,,,,,,,,,,,,,,,,,,,,,,,,,,,,,,,,,,,,,,,,,,,,,,,,,,,,890.0,930.0,875.0,910.0,995.0,1145.0,1197.5,1000.0,992.5,985.0,950.0,962.5,950.0,1000.0,1025.0,977.5,990.0,992.5,1012.5,1000.0,1052.5,1195.0,1225.0,1025.0,1012.5,1007.0384615384615
894,Upper Darby Township,PA,Delaware County,895,,,,,,,,,,,,,,,,,,,,,,,,,,,,,,,,,,,,,,,,,,,,,,,,,,,,,,,,,,,,,,,,,,,,,,,,,,,,,,,,,,,,1200.0,1100.0,1100.0,1150.0,1200.0,1225.0,1199.0,1225.0,1175.0,1200.0,1200.0,1150.0,1150.0,1187.5,1162.5,1162.5,1200.0,1250.0,1275.0,1275.0,1250.0,1250.0,1300.0,1300.0,1200.0,1200.0,1200.0,1237.5,1300.0,1350.0,1350.0,1300.0,1300.0,1300.0,1295.0,1250.0,1200.0,1217.4736842105262
902,Stratford,CT,Fairfield County,903,,,,,,,,,,,,,1600.0,1700.0,1700.0,1712.5,1800.0,1800.0,1800.0,1850.0,1800.0,1800.0,1775.0,1775.0,1700.0,1600.0,1700.0,1700.0,1700.0,1700.0,1700.0,1600.0,1600.0,1600.0,1650.0,1750.0,1850.0,1797.5,1700.0,1650.0,1700.0,1600.0,1650.0,1775.0,1700.0,1625.0,1650.0,1650.0,1700.0,1700.0,1700.0,1700.0,1675.0,1700.0,1800.0,1800.0,1687.5,1700.0,1800.0,1750.0,1725.0,1700.0,1700.0,1675.0,1700.0,1700.0,1700.0,1700.0,1800.0,1700.0,1725.0,1700.0,1750.0,1800.0,1800.0,1795.0,1637.5,1700.0,1700.0,1800.0,1700.0,1700.0,1795.0,1687.5,1850.0,1800.0,1800.0,1800.0,1700.0,1650.0,1750.0,1700.0,1797.5,1850.0,1850.0,1775.0,1800.0,1800.0,1800.0,1800.0,1750.0,1795.0,1900.0,1900.0,1825.0,1800.0,1700.0,1687.5,1700.0,1800.0,1775.0,1700.0,1700.0,1700.0,1662.5,1650.0,1750.0,1675.0,1800.0,1800.0,1725.302752293578
922,East Hartford,CT,Hartford County,923,,,,,,,,,,,,,,,,,,,,,,,,,,,,,,,,,,,,,,,,,,,,,,,,,,,,,,,,,,,,,,,,,,,,,,,,,,,,,,,,,,,,,,,,1400.0,1600.0,1600.0,1600.0,1550.0,1500.0,1500.0,1400.0,1362.5,1400.0,1400.0,1495.0,1495.0,1550.0,1400.0,1400.0,1385.0,1495.0,1497.5,1495.0,1300.0,1300.0,1295.0,1400.0,1525.0,1400.0,1300.0,1300.0,1295.0,1295.0,1450.0,1395.0,1400.0,1414.7941176470588
940,Revere,MA,Suffolk County,941,,,,,,,,,,,,,,,,,,,,,,,,,,,,,,,,,,,,,,,,,,,,,,,,,,,,,,,,,,,,,,,,,,,,,,,,,,,,,,,,,,,,,1700.0,1950.0,1800.0,1875.0,1850.0,1900.0,1900.0,1950.0,1825.0,1850.0,1950.0,1825.0,1975.0,2125.0,2075.0,2075.0,1900.0,1900.0,1900.0,2000.0,2000.0,1995.0,2000.0,1972.5,1900.0,1922.5,2100.0,2100.0,2200.0,2150.0,2050.0,2150.0,2100.0,2100.0,2050.0,2175.0,1952.1891891891887
941,Milford,CT,New Haven County,942,,,,,,,,,,,,,1650.0,1600.0,1600.0,1800.0,1850.0,1700.0,1800.0,1800.0,1800.0,1800.0,1750.0,1750.0,1725.0,1650.0,1650.0,1700.0,1600.0,1600.0,1600.0,1600.0,1600.0,1600.0,1600.0,1650.0,1600.0,1600.0,1600.0,1650.0,1700.0,1787.5,1800.0,1725.0,1800.0,1800.0,1800.0,1800.0,1800.0,1800.0,1800.0,1800.0,1825.0,1862.5,1800.0,1800.0,1795.0,1750.0,1800.0,1750.0,1750.0,1800.0,1800.0,1900.0,1900.0,1850.0,1897.5,1850.0,1800.0,1800.0,1800.0,1800.0,1750.0,1795.0,1800.0,1800.0,1800.0,1800.0,1800.0,1800.0,1800.0,1750.0,1800.0,1800.0,1800.0,1700.0,1775.0,1850.0,1850.0,1800.0,1850.0,1800.0,1800.0,1787.5,1800.0,1800.0,1800.0,1800.0,1800.0,1825.0,1850.0,1862.5,1862.5,1800.0,1800.0,1762.5,1800.0,1850.0,1850.0,1870.0,1870.0,1800.0,1850.0,1875.0,1985.0,1885.0,1850.0,1850.0,1912.5,1980.0,1771.6238532110092
949,Niagara Falls,NY,Niagara County,950,,,,,,,,,,,,,,,,,,,,,,,,,,,,,,,,,,,,,,,,,,,,,,,,,,,,,,,,,,,,,,,,,,,,,,,,,,,,,,,,,,,,,,,,,,,,,,,,,,,,,,,,700.0,737.5,737.5,750.0,750.0,785.0,750.0,795.0,850.0,800.0,750.0,750.0,800.0,850.0,900.0,875.0,800.0,796.1111111111111
965,Harrisburg,PA,Dauphin County,966,,,,,,,,,,,,,,750.0,750.0,775.0,750.0,735.0,725.0,750.0,750.0,750.0,765.0,757.5,750.0,735.0,750.0,762.5,775.0,750.0,750.0,775.0,775.0,750.0,750.0,750.0,750.0,750.0,775.0,750.0,750.0,750.0,767.5,775.0,795.0,812.5,800.0,785.0,800.0,795.0,800.0,795.0,795.0,795.0,795.0,850.0,830.0,835.0,800.0,825.0,850.0,800.0,825.0,825.0,800.0,775.0,795.0,810.0,825.0,850.0,795.5,795.0,800.0,845.0,850.0,877.5,835.0,850.0,895.0,800.0,850.0,825.0,845.0,835.0,835.0,850.0,850.0,850.0,875.0,875.0,925.0,935.0,925.0,895.0,895.0,875.0,872.5,850.0,855.0,900.0,900.0,907.5,900.0,945.0,950.0,950.0,937.5,900.0,875.0,875.0,895.0,900.0,900.0,900.0,900.0,900.0,975.0,995.0,975.0,925.0,829.550925925926
974,Middletown,CT,Middlesex County,975,,,,,,,,,,,,,,,,,,,1500.0,1396.0,1300.0,1200.0,1200.0,1200.0,1200.0,1200.0,1235.0,1050.0,1200.0,1295.0,1350.0,1297.5,1300.0,1300.0,1300.0,1300.0,1300.0,1400.0,1350.0,1325.0,1350.0,1300.0,1295.0,1200.0,1250.0,1450.0,1362.5,1350.0,1400.0,1397.5,1395.0,1350.0,1350.0,1307.5,1450.0,1450.0,1350.0,1335.0,1300.0,1362.5,1400.0,1300.0,1400.0,1400.0,1400.0,1450.0,1450.0,1450.0,1400.0,1350.0,1387.5,1400.0,1400.0,1312.5,1350.0,1350.0,1400.0,1400.0,1450.0,1500.0,1450.0,1400.0,1400.0,1375.0,1400.0,1400.0,1400.0,1400.0,1400.0,1300.0,1300.0,1500.0,1450.0,1375.0,1350.0,1400.0,1350.0,1350.0,1350.0,1350.0,1400.0,1450.0,1400.0,1400.0,1400.0,1372.5,1400.0,1400.0,1300.0,1300.0,1350.0,1400.0,1400.0,1400.0,1400.0,1450.0,1450.0,1447.5,1400.0,1375.0,1356.5388349514562
981,Town Of Ithaca,NY,Tompkins County,982,,,,,,,,,,,,,,,,,,,,,,,,,,,,,,,,,,,,,,,,,,,,,,,,,,,,,,,,,,,,,,,,,,,,,,,,,,,,,,,,,,,,,,,,,,,,,,,,,,,,,,,,2050.0,1975.0,2037.5,2000.0,1875.0,2050.0,1797.5,1950.0,1975.0,1800.0,1800.0,1800.0,2000.0,1950.0,1950.0,1800.0,1800.0,1866.2222222222224
1022,Wallingford,CT,New Haven County,1023,,,,,,,,,,,,,,,,,,,,,,,,,,,,,,,,,,,,,,,,,,,,,,,,,,,,,,,,,,,,,,,,,,,,,,,,,,,,,,,,,,,,,,,,,1412.5,1500.0,1500.0,1400.0,1300.0,1400.0,1450.0,1650.0,1550.0,1500.0,1350.0,1450.0,1400.0,1600.0,1625.0,1850.0,1600.0,1500.0,1600.0,1650.0,1587.5,1550.0,1675.0,1600.0,1550.0,1400.0,1400.0,1375.0,1575.0,1697.5,1725.0,1550.0,1515.0151515151515
1025,Arlington,MA,Middlesex County,1026,,,,,,,,,,,,,,,,,,,,,,,,,,,,,,,,,,,,,,,,,,,,,,,,,,,,,,,,,,,,,,,,,,,,,,,,,,,,,,,,,,,,,,2200.0,2250.0,2500.0,2400.0,2400.0,2350.0,2000.0,2200.0,2300.0,2350.0,2400.0,2400.0,2250.0,2400.0,2300.0,2100.0,2400.0,2499.0,2400.0,2400.0,2400.0,2250.0,2300.0,2300.0,2300.0,2250.0,2400.0,2500.0,2700.0,2700.0,2800.0,2500.0,2575.0,2500.0,2500.0,2347.222222222222
1033,Enfield,CT,Hartford County,1034,,,,,,,,,,,,,,,,,,,,,,,,,,,,,,,,,,,,,,,,,,,,,,,,,,,,,,,,,,,,,,,,,,,,,,,,,,,,,,,,,,,,,1450.0,1450.0,1350.0,1400.0,1472.5,1595.0,1500.0,1450.0,1450.0,1395.0,1395.0,1400.0,1400.0,1400.0,1372.5,1512.5,1525.0,1500.0,1500.0,1500.0,1500.0,1500.0,1500.0,1462.5,1500.0,1525.0,1500.0,1525.0,1495.0,1495.0,1525.0,1475.0,1510.0,1500.0,1450.0,1500.0,1459.837837837838
1041,Lindenhurst,NY,Suffolk County,1042,,,,,,,,,,,,,,,,,,,,,,,,,,,,,,,,,,,,,,,,,,,,,,,,,,,,,,,,,,,,,,,,,,,,,,,,,,,,,,,,,,,,,,,,,,,,,,,,,,,,,,,,,,1900.0,2100.0,2150.0,1950.0,2200.0,2100.0,2150.0,2100.0,2000.0,2000.0,2000.0,1850.0,1875.0,2100.0,2200.0,1982.3125
1044,York,PA,York County,1045,,,,,,,,,,,,,,,,,,,,,,,,,,,,,,,,,,,,,,,,,,,,,,,,,,,,,,,,,,,,,,,,,,,,,,,,,,,,,,,,,,,,,995.0,925.0,925.0,1000.0,997.5,995.0,975.0,975.0,997.5,1025.0,995.0,995.0,895.0,950.0,975.0,995.0,997.5,1095.0,1152.0,1095.0,1095.0,1055.0,1095.0,1050.0,1095.0,1095.0,1095.0,1200.0,1150.0,1175.0,1100.0,1200.0,1150.0,1095.0,1095.0,1095.0,1049.7162162162165
1045,Southington,CT,Hartford County,1046,,,,,,,,,,,,,,,,,,,,,,,,,,,,,,,,,,,,,,,,,,,,,,,,,,,,,,,,,,,,,,,,1450.0,1500.0,1400.0,1400.0,1450.0,1400.0,1472.5,1400.0,1400.0,1495.0,1565.0,1375.0,1400.0,1350.0,1395.0,1400.0,1375.0,1375.0,1400.0,1400.0,1450.0,1400.0,1350.0,1400.0,1412.5,1400.0,1400.0,1400.0,1400.0,1600.0,1575.0,1575.0,1500.0,1400.0,1400.0,1400.0,1400.0,1400.0,1400.0,1500.0,1500.0,1500.0,1400.0,1500.0,1472.5,1495.0,1472.5,1400.0,1500.0,1500.0,1600.0,1450.0,1475.0,1412.5,1500.0,1500.0,1600.0,1439.4568965517242
1061,Hicksville,NY,Nassau County,1062,,,,,,,,,,,,,,,,,,,,,,,,,,,,,,,,,,,,,,,,,,,,,,,,,,,,,,,,,,,,,,,,,,,,,,,,,,,,,,,,,,,,,,2950.0,3000.0,2850.0,2950.0,3275.0,3200.0,3125.0,3200.0,3000.0,3000.0,3000.0,2975.0,3000.0,3099.0,3200.0,3000.0,3200.0,3000.0,3000.0,3100.0,3250.0,3100.0,3000.0,3000.0,3100.0,2972.5,3200.0,3000.0,3250.0,3200.0,3125.0,3000.0,3000.0,3000.0,3100.0,3013.430555555556
1065,Penn Hills,PA,Allegheny County,1066,,,,,,,,,,,,,,,,,,,,,,,,,,,,,,,,,,,,,,,,,,,,,,,,,,,,,,,,,,,,,,,,,,,,,,,,,,,,,,,,,,,,,885.0,950.0,950.0,950.0,950.0,950.0,950.0,975.0,995.0,925.0,937.5,950.0,950.0,950.0,950.0,950.0,950.0,925.0,950.0,950.0,925.0,937.5,950.0,995.0,975.0,995.0,995.0,1037.5,1000.0,995.0,1000.0,1000.0,995.0,995.0,995.0,1050.0,968.8783783783784
1081,Shelton,CT,Fairfield County,1082,,,,,,,,,,,,,,,,,,,,,,,,,,,1550.0,1500.0,1475.0,1700.0,1925.0,1950.0,1900.0,1850.0,1675.0,1750.0,1675.0,1600.0,1600.0,1495.0,1675.0,1650.0,1850.0,1700.0,1700.0,1700.0,1700.0,1700.0,1700.0,1600.0,1662.5,1700.0,1900.0,1850.0,1850.0,1875.0,1900.0,1875.0,1825.0,1900.0,1850.0,1900.0,2000.0,1950.0,1972.5,2050.0,1997.5,1900.0,1900.0,1900.0,1950.0,1975.0,1925.0,1825.0,1750.0,1725.0,1900.0,2000.0,2025.0,1900.0,1895.0,1825.0,1850.0,1625.0,1625.0,1662.5,1700.0,1750.0,1850.0,1887.5,1950.0,1995.0,1900.0,1800.0,1900.0,1800.0,1900.0,1875.0,1750.0,1750.0,1925.0,1875.0,1900.0,1850.0,1825.0,1850.0,1850.0,1700.0,1825.0,1700.0,1725.0,1850.0,1925.0,1887.5,1950.0,2050.0,2100.0,2100.0,2000.0,2050.0,1817.494736842105
1099,Norwich,CT,New London County,1100,,,,,,,,,,,,,,,,,,,,,,,,,,,,,,,,,,,,,,,,,,,,,,,,,,,,,,,,,,,,,,,,,,,,,,,,,,,,,,,,,,,,,1295.0,1300.0,1335.0,1385.0,1350.0,1350.0,1350.0,1292.5,1275.0,1300.0,1297.5,1250.0,1300.0,1295.0,1297.5,1295.0,1300.0,1300.0,1300.0,1262.5,1300.0,1275.0,1300.0,1350.0,1350.0,1350.0,1300.0,1350.0,1325.0,1400.0,1400.0,1350.0,1367.5,1300.0,1287.5,1275.0,1311.081081081081
1107,Scarsdale,NY,Westchester County,1108,,,,,,,,,,,,,,,,,,,,5300.0,5200.0,4975.0,4600.0,4500.0,4600.0,4600.0,4500.0,5200.0,5300.0,5900.0,6000.0,5225.0,5250.0,5300.0,5300.0,5300.0,5300.0,4990.0,5145.0,5700.0,5800.0,6000.0,5900.0,5950.0,5200.0,5200.0,5400.0,5200.0,5250.0,5200.0,5200.0,5250.0,5950.0,5675.0,5350.0,5950.0,5200.0,5500.0,5950.0,5495.0,5950.0,6000.0,5975.0,6200.0,6250.0,5600.0,5650.0,5900.0,5500.0,5925.0,5900.0,5250.0,5500.0,5600.0,5550.0,6000.0,6000.0,5850.0,6000.0,5950.0,6000.0,6000.0,5787.5,5950.0,5975.0,6000.0,6400.0,6725.0,6500.0,6500.0,6000.0,5925.0,6000.0,5150.0,6000.0,6000.0,5950.0,4895.0,5450.0,5950.0,6100.0,6000.0,6350.0,6000.0,5875.0,5600.0,5500.0,5600.0,5400.0,5525.0,5750.0,5800.0,5800.0,5925.0,5800.0,6000.0,5825.0,5900.0,5995.0,5972.5,5611.156862745098
1118,Woburn,MA,Middlesex County,1119,,,,,,,,,,,,,,,,,,,,,,,,,,,,,,,,,,,,,,,,,,,,,,,,,,,,,,,,,,,,,,,,,,,,,,,,,,,,,,,,1525.0,1750.0,1695.0,1750.0,1792.5,2000.0,2175.0,1950.0,1900.0,1900.0,1945.0,1922.5,1825.0,1985.0,1862.5,1899.0,1995.0,1922.5,1900.0,1862.5,1695.0,1697.5,1975.0,2100.0,2100.0,2200.0,1900.0,1837.5,1800.0,1795.0,1782.5,1825.0,1845.0,1750.0,1897.5,2162.5,2072.5,2000.0,2000.0,1900.0,1875.0,1878.2261904761904
1120,Great Neck,NY,Nassau County,1121,,,,,,,,,,,,,,,,,,,,,,,,,,,,,,,,,,,,,,,,,,,,,,,,,,,,,,,,,,,,,,,,,,,,,,,,,,,,,,,,,,3850.0,4125.0,3900.0,3825.0,3675.0,3800.0,3800.0,4000.0,4300.0,4250.0,4050.0,4200.0,4200.0,4175.0,4000.0,4150.0,4300.0,4050.0,3800.0,3750.0,4100.0,4400.0,4400.0,4300.0,4300.0,4425.0,4305.0,4100.0,4300.0,4225.0,3700.0,4300.0,4300.0,4200.0,4300.0,4300.0,4425.0,4300.0,4300.0,4057.525
1131,Saratoga Springs,NY,Saratoga County,1132,,,,,,,,,,,,,,,,,,,,,,,,,,,,,,,,,,,,,,,,,,,,,,,,,,,,,,,,,,,,,,,,,,,,,,,,,,,,,,,,,,,,,,,,2400.0,2500.0,2647.5,2500.0,2200.0,2200.0,1900.0,1995.0,1999.5,2100.0,2175.0,2500.0,2400.0,2500.0,2500.0,2500.0,2400.0,2225.0,2000.0,1997.5,2000.0,2000.0,2175.0,2250.0,2250.0,2500.0,2372.5,2250.0,2100.0,1975.0,1850.0,1825.0,1800.0,2179.970588235294
1140,Chelsea,MA,Suffolk County,1141,,,,,,,,,,,,,,,,,,,,,,,,,,,,,,,,,,,,,,,,,,,,,,,,,,,,,,,,,,,,,,,,,,,,,,,,,,,,,,,,,,,,1747.5,1750.0,1800.0,1772.5,1697.5,1650.0,1700.0,1700.0,1822.5,1862.5,1940.5,1875.0,1800.0,1850.0,1800.0,1750.0,1895.0,1950.0,2000.0,2000.0,2100.0,2000.0,2000.0,1995.0,1900.0,1900.0,1900.0,2095.0,2000.0,2075.0,1825.0,1850.0,2000.0,2000.0,2000.0,2000.0,2000.0,1872.2105263157891
1141,Chester Township,PA,Delaware County,1142,,,,,,,,,,,,,,,,,,,,,,,,,,,,,,,,,,,,,,,,,,,,,,,,,,,,,,,,,,,,,,,,,,,,,,,,,,,,,,,,,,,,,,995.0,980.0,1050.0,1050.0,1000.0,950.0,975.0,950.0,912.5,900.0,900.0,900.0,950.0,950.0,925.0,950.0,997.5,975.0,962.5,950.0,962.5,985.0,1000.0,1000.0,1000.0,975.0,1100.0,1075.0,1050.0,1095.0,1000.0,967.5,980.0,1100.0,1100.0,993.1805555555557
1183,East Stroudsburg,PA,Monroe County,1184,,,,,,,,,,,,,,,,,,,,1275.0,1300.0,1350.0,1300.0,1300.0,1262.5,1225.0,1200.0,1200.0,1200.0,1150.0,1200.0,1175.0,1175.0,1200.0,1200.0,1250.0,1200.0,1250.0,1250.0,1225.0,1250.0,1275.0,1200.0,1212.5,1200.0,1200.0,1200.0,1225.0,1250.0,1225.0,1212.5,1212.5,1250.0,1250.0,1300.0,1250.0,1300.0,1250.0,1225.0,1250.0,1250.0,1250.0,1200.0,1200.0,1235.0,1325.0,1325.0,1300.0,1297.5,1250.0,1250.0,1250.0,1250.0,1250.0,1300.0,1300.0,1300.0,1225.0,1295.0,1250.0,1262.5,1300.0,1400.0,1237.5,1235.0,1300.0,1350.0,1300.0,1300.0,1322.5,1400.0,1350.0,1300.0,1350.0,1375.0,1400.0,1350.0,1397.5,1350.0,1350.0,1400.0,1350.0,1300.0,1300.0,1350.0,1300.0,1300.0,1300.0,1350.0,1400.0,1400.0,1450.0,1300.0,1350.0,1500.0,1500.0,1500.0,1500.0,1500.0,1400.0,1289.1323529411766
1190,Torrington,CT,Litchfield County,1191,,,,,,,,,,,,,,,,,,,,,,,,,,,,,,,,,,,,,,,,,,,,,,,,,,,,,,1237.5,1200.0,1200.0,1197.5,1250.0,1200.0,1200.0,1200.0,1200.0,1285.0,1300.0,1225.0,1299.5,1300.0,1299.0,1200.0,1200.0,1200.0,1250.0,1275.0,1200.0,1200.0,1250.0,1275.0,1250.0,1200.0,1250.0,1237.5,1200.0,1150.0,1100.0,1200.0,1200.0,1200.0,1200.0,1195.0,1195.0,1250.0,1200.0,1200.0,1150.0,1200.0,1250.0,1270.0,1250.0,1200.0,1100.0,1100.0,1150.0,1150.0,1250.0,1197.5,1200.0,1200.0,1200.0,1282.5,1275.0,1200.0,1300.0,1350.0,1295.0,1200.0,1250.0,1300.0,1300.0,1300.0,1275.0,1224.3676470588234
1201,Glastonbury,CT,Hartford County,1202,,,,,,,,,,,,,,,,,,,,,,,,,,,,,,,,,,,,,,,,,,,,,,,,,,,,,,,,,,,,,,,,,,,,,,,,,,,,,,,,,,,,,1825.0,1800.0,1875.0,1950.0,1700.0,1700.0,1700.0,1800.0,1800.0,1712.5,1700.0,1850.0,1800.0,1850.0,1925.0,1825.0,1700.0,1700.0,1875.0,1925.0,1950.0,1950.0,1800.0,1800.0,1750.0,1725.0,1750.0,1700.0,1750.0,1800.0,1887.5,1850.0,1900.0,1900.0,1900.0,1750.0,1793.972972972973
1212,Watertown,MA,Middlesex County,1213,,,,,,,,,,,,,,,,,,,,,,,,,,2200.0,2200.0,2300.0,2450.0,2472.5,2275.0,2300.0,2200.0,2100.0,2000.0,2000.0,1975.0,2085.0,2095.0,2075.0,2100.0,2300.0,2210.5,2100.0,1900.0,2200.0,2204.0,2204.0,2200.0,2200.0,2204.0,2350.0,2300.0,2300.0,2350.0,2200.0,2150.0,2097.5,2115.0,2100.0,2200.0,2262.5,2300.0,2600.0,2500.0,2300.0,2400.0,2400.0,2400.0,2300.0,2287.5,2200.0,2250.0,2200.0,2300.0,2262.5,2550.0,2525.0,2300.0,2247.0,2250.0,2195.0,2250.0,2100.0,2227.0,2300.0,2500.0,2700.0,2500.0,2400.0,2400.0,2400.0,2350.0,2400.0,2287.5,2372.5,2350.0,2347.5,2400.0,2600.0,2650.0,2600.0,2600.0,2500.0,2400.0,2300.0,2400.0,2600.0,2675.0,2712.5,3000.0,2999.5,2750.0,2500.0,2500.0,2400.0,2300.0,2300.0,2300.0,2275.0,2318.765625
1229,Norristown,PA,Montgomery County,1230,,,,,,,,,,,,,1250.0,1250.0,1250.0,1300.0,1395.0,1400.0,1400.0,1250.0,1250.0,1272.5,1250.0,1295.0,1200.0,1200.0,1200.0,1225.0,1300.0,1300.0,1250.0,1300.0,1300.0,1350.0,1337.5,1300.0,1285.0,1250.0,1250.0,1275.0,1300.0,1350.0,1300.0,1377.5,1300.0,1300.0,1300.0,1297.5,1300.0,1300.0,1300.0,1300.0,1350.0,1397.5,1395.0,1345.0,1347.5,1350.0,1300.0,1300.0,1300.0,1300.0,1300.0,1300.0,1350.0,1372.5,1300.0,1400.0,1400.0,1395.0,1400.0,1350.0,1400.0,1395.0,1300.0,1325.0,1400.0,1350.0,1375.0,1400.0,1400.0,1400.0,1395.0,1350.0,1395.0,1400.0,1430.0,1350.0,1375.0,1450.0,1400.0,1400.0,1399.5,1395.0,1400.0,1450.0,1400.0,1437.5,1425.0,1485.0,1500.0,1500.0,1500.0,1500.0,1500.0,1500.0,1500.0,1500.0,1500.0,1450.0,1425.0,1400.0,1500.0,1500.0,1500.0,1500.0,1550.0,1500.0,1550.0,1500.0,1364.6743119266057
1265,Naugatuck,CT,New Haven County,1266,,,,,,,,,,,,,,,,,,,,,,,,,,,,,,,,,,,,,,,,,,,,,,,,,,,,,,,,,,,,,,,,,,,,,,,,,,,,,,,,,,,,,1300.0,1350.0,1300.0,1225.0,1200.0,1200.0,1200.0,1250.0,1300.0,1250.0,1200.0,1200.0,1200.0,1200.0,1200.0,1250.0,1250.0,1200.0,1300.0,1350.0,1387.5,1295.0,1250.0,1220.0,1250.0,1225.0,1250.0,1275.0,1300.0,1250.0,1212.5,1300.0,1350.0,1350.0,1350.0,1300.0,1263.6756756756756
1293,Needham,MA,Norfolk County,1294,,,,,,,,,,,,,,,,,,,,,,,,,,,,,,,,,,,,,,,,,,,,,,,,,,,,,,,,,,,,,,,,,,,,,,,,,,,,,,,,,,,,,,,,,,,,,,,,,,,,,,,,,,,3050.0,2950.0,2900.0,2900.0,2875.0,2837.5,3200.0,3100.0,3100.0,3295.0,3295.0,3295.0,3295.0,3295.0,2978.766666666667
1321,East Haven,CT,New Haven County,1322,,,,,,,,,,,,,,,,,,,,,,,,,,,,,,,,,,,,,,,,,,1700.0,1600.0,1450.0,1600.0,1587.5,1400.0,1595.0,1600.0,1550.0,1500.0,1495.0,1600.0,1600.0,1600.0,1595.0,1595.0,1595.0,1600.0,1500.0,1595.0,1595.0,1500.0,1600.0,1625.0,1600.0,1595.0,1600.0,1695.0,1637.5,1595.0,1575.0,1595.0,1600.0,1675.0,1650.0,1575.0,1575.0,1425.0,1585.0,1495.0,1500.0,1550.0,1645.0,1592.5,1600.0,1650.0,1597.5,1595.0,1500.0,1512.5,1500.0,1650.0,1600.0,1600.0,1600.0,1600.0,1600.0,1650.0,1650.0,1597.5,1637.5,1650.0,1700.0,1700.0,1600.0,1650.0,1700.0,1600.0,1600.0,1595.0,1600.0,1600.0,1600.0,1500.0,1595.0,1597.5,1700.0,1700.0,1500.0,1588.5875
1323,Hampden Township,PA,Cumberland County,1324,,,,,,,,,,,,,,,,,,,,,,,,,,,,,,,,,,,,,,,,,,,,,,,,,,,,,,,,,,,,,,,,,,,,,,,,,,,,,,,,,,,,,1472.5,1525.0,1520.0,1544.5,1595.0,1595.0,1500.0,1495.0,1550.0,1595.0,1550.0,1500.0,1495.0,1550.0,1595.0,1595.0,1587.5,1595.0,1560.0,1495.0,1495.0,1512.5,1495.0,1500.0,1595.0,1595.0,1600.0,1600.0,1650.0,1597.5,1612.5,1600.0,1585.0,1595.0,1550.0,1595.0,1551.7837837837835
1329,Long Beach,NY,Nassau County,1330,,,,,,,,,,,,,,,,,,,,,,,,,,,,,,,,,,2200.0,2200.0,2500.0,2500.0,2300.0,2300.0,2500.0,2500.0,2500.0,2350.0,2200.0,2200.0,2200.0,2200.0,2150.0,2250.0,2200.0,2300.0,2400.0,2600.0,2600.0,2600.0,2400.0,2397.5,2400.0,2342.5,2475.0,2500.0,2600.0,3000.0,3250.0,3300.0,3350.0,2750.0,2650.0,2670.0,2700.0,2575.0,2650.0,2700.0,2850.0,2800.0,2950.0,3162.5,3000.0,2900.0,2600.0,2600.0,2500.0,2687.5,2475.0,2800.0,2800.0,3225.0,3500.0,3500.0,3200.0,3000.0,2700.0,2600.0,2600.0,2550.0,2550.0,2800.0,3000.0,3100.0,3350.0,3500.0,3300.0,3000.0,3000.0,2800.0,2700.0,2725.0,2750.0,2800.0,3000.0,3200.0,3162.5,3250.0,3300.0,3000.0,3000.0,2800.0,2700.0,2775.0,2800.0,2717.642045454545
1332,South Kingstown,RI,Washington County,1333,,,,,,,,,,,,,,,,,,,,,,,,,,,,,,,,,,,,,,,,,,,,,,,,,,,,,,,,,,,,,,,,,,,,,,,,,,,,,,,,,,,,,,,,,,,,,,,,,,,,,,,,1775.0,1600.0,1700.0,1800.0,1700.0,1700.0,1725.0,1700.0,1850.0,1950.0,1875.0,1800.0,1600.0,1725.0,1800.0,1800.0,1800.0,1735.1666666666667
1336,Branford,CT,New Haven County,1337,,,,,,,,,,,,1800.0,1700.0,1750.0,1800.0,1950.0,2100.0,1850.0,1800.0,1800.0,1800.0,1725.0,1675.0,1554.0,1550.0,1695.0,1775.0,1750.0,1750.0,1650.0,1600.0,1600.0,1600.0,1750.0,1750.0,1700.0,1600.0,1750.0,1800.0,1700.0,1700.0,1600.0,1550.0,1600.0,1650.0,1750.0,1750.0,1600.0,1650.0,1650.0,1700.0,1700.0,1897.5,1800.0,1800.0,1700.0,1700.0,1750.0,1750.0,1700.0,1700.0,1700.0,1700.0,1700.0,1700.0,1700.0,1700.0,1750.0,1600.0,1700.0,1675.0,1650.0,1700.0,1695.0,1700.0,1800.0,1800.0,1850.0,1700.0,1600.0,1550.0,1500.0,1700.0,1600.0,1575.0,1600.0,1600.0,1800.0,1780.0,1700.0,1700.0,1700.0,1700.0,1650.0,1700.0,1700.0,1700.0,1700.0,1700.0,1750.0,1700.0,1675.0,1700.0,1700.0,1675.0,1600.0,1675.0,1675.0,1610.0,1600.0,1600.0,1650.0,1700.0,1725.0,1695.0,1650.0,1675.0,1650.0,1700.0,1600.0,1694.8954545454546
1337,King of Prussia,PA,Montgomery County,1338,,,,,,,,,,,,,,,,,,,,,,,,,,,,,,,,,,,,,,,,,,,,,,,,,,,,,,,,,,,,,,,,,,,,,,,,,,,,,,,,,,,,,1987.5,1900.0,2100.0,2150.0,2097.5,2250.0,2000.0,2000.0,2150.0,2000.0,2000.0,2000.0,2000.0,2100.0,2250.0,2250.0,2300.0,2200.0,1975.0,2275.0,2150.0,2162.5,2275.0,2200.0,2100.0,2175.0,2000.0,2100.0,2195.0,2325.0,2225.0,2100.0,2100.0,2100.0,2000.0,2000.0,2095.4189189189187
1347,New Milford,CT,Litchfield County,1348,,,,,,,,,,,,,,,,,,,,,,,,,,,,,,,,,,,,,,,,,,,,,,,,,,,,,,,,,,,,,,,,,,,,,,,,,,,,,,,,,,,,,,1275.0,1462.5,1425.0,1550.0,1600.0,1550.0,1500.0,1500.0,1500.0,1497.5,1700.0,1500.0,1450.0,1495.0,1500.0,1500.0,1495.0,1495.0,1495.0,1650.0,1675.0,1600.0,1350.0,1465.0,1495.0,1575.0,1500.0,1725.0,1675.0,1650.0,1600.0,1600.0,1562.5,1550.0,1600.0,1530.8472222222222
1367,Easton,PA,Northampton County,1368,,,,,,,,,,,,,,,,,,,,,,,,,,,,,,,,,,,,,,,,,,,,,,,,,,,,,,,,,,,,,,,,,,,,,,,,,,,,,,,,,,,,,,,,1175.0,1122.5,1087.5,1200.0,1175.0,1247.5,1200.0,1170.0,1150.0,1150.0,1125.0,1200.0,1200.0,1200.0,1200.0,1250.0,1350.0,1325.0,1295.0,1250.0,1200.0,1250.0,1300.0,1300.0,1250.0,1300.0,1200.0,1297.5,1295.0,1285.0,1267.5,1250.0,1250.0,1231.9264705882354
1377,Middletown,NY,Orange County,1378,,,,,,,,,,,,,,,,,,,,,,,,,,,,,,,,,,,,,,,,,,,,,,,,,,,,,,,,,,,,,,,,,,,,,,,,,,,,,,,,,1500.0,1450.0,1475.0,1500.0,1500.0,1550.0,1600.0,1525.0,1500.0,1550.0,1550.0,1600.0,1600.0,1525.0,1550.0,1550.0,1600.0,1600.0,1600.0,1625.0,1700.0,1700.0,1700.0,1650.0,1650.0,1700.0,1700.0,1650.0,1650.0,1650.0,1670.0,1675.0,1700.0,1737.5,1800.0,1900.0,1800.0,1700.0,1750.0,1750.0,1623.4268292682927
1380,Doylestown Township,PA,Bucks County,1381,,,,,,,,,,,,,,,,,,,,,,,,,,,,,,,,,,,,,,,,,,,,,,,,,,,,,,,,,,,,,,,,,,,,,,,,,,,,,,,,,,,,,,,,,,,,,,,,,,,,,,,,,,,,,1997.5,1950.0,2000.0,1975.0,1995.0,1850.0,1850.0,2000.0,1950.0,1950.0,2000.0,2000.0,1915.2692307692307
1381,South Windsor,CT,Hartford County,1382,,,,,,,,,,,,,,,,,,,,,,,,,,,,,,,,,,,,,,,,,,,,,,,,,,,,,,,,,,,,,,,,,,,,,,,,,,,,,,,,,,,,,,,,1525.0,1550.0,1612.5,1612.5,1625.0,1350.0,1300.0,1350.0,1587.5,1462.5,1375.0,1500.0,1550.0,1550.0,1695.0,1665.0,1725.0,1800.0,1637.5,1800.0,1700.0,1650.0,1600.0,1550.0,1700.0,1700.0,1625.0,1700.0,1690.0,1690.0,1700.0,1625.0,1650.0,1595.1323529411766
1387,Westport,CT,Fairfield County,1388,,,,,,,,,,,,,,,,,,,,,,,,,,,,,,,,,,,,,,,,,,,,,,,,,,,,,,,,,,,,,,,,,,,,,,,,,,,,,,,,,,,,,,,,,,,,,,,,,,,,,,,,,4500.0,4450.0,4200.0,4000.0,4500.0,4287.5,4800.0,5550.0,5637.5,6000.0,5400.0,4700.0,4500.0,4500.0,4550.0,4550.0,4559.588235294118
1388,Lower Macungie Township,PA,Lehigh County,1389,,,,,,,,,,,,,,,,,,,,,,,,,,,,,,,,,,,,,,,,,,,,,,,,,,,,,,,,,,,,,,,,,,,,,,,,,,,,,,,,,,,,,,,,,,,,,,,,,,,,,,1795.0,1795.0,1800.0,1700.0,1700.0,1700.0,1725.0,1700.0,1797.5,1850.0,1695.0,1697.5,1762.5,1850.0,1675.0,1712.5,1700.0,1675.0,1750.0,1723.45
1397,Farmington,CT,Hartford County,1398,,,,,,,,,,,,,,,,,,,,,,,,,,,,,,,,,,,,,,,,,,,,,,,,,,,,,,,,,,,,,,,,,,,,,,,,,,,,,,,,,,,,,,,,,,1875.0,1800.0,1800.0,1825.0,1750.0,1800.0,1800.0,1700.0,1850.0,1850.0,1700.0,1850.0,1900.0,1900.0,1787.5,1825.0,1850.0,1850.0,1800.0,1850.0,1750.0,1725.0,1675.0,1800.0,1800.0,1800.0,1800.0,1875.0,1700.0,1900.0,1900.0,1796.421875
1402,Belmont,MA,Middlesex County,1403,,,,,,,,,,,,,,,,,,,,,,,,,,,,,,,,,,,,,,,,,,,,,,,,,,,,,,,,,,,,,,,,,,,,,,,,,,,,,,,,,,,,,2050.0,2300.0,2275.0,2200.0,2275.0,2299.0,2525.0,2550.0,2750.0,2600.0,2500.0,2200.0,2400.0,2500.0,2500.0,2500.0,2650.0,2675.0,2750.0,2700.0,2500.0,2500.0,2600.0,2615.0,2600.0,2395.0,2400.0,2600.0,2525.0,2500.0,2700.0,2500.0,2400.0,2275.0,2375.0,2400.0,2445.5945945945946
1406,Ridgefield,CT,Fairfield County,1407,,,,,,,,,,,,,,,,,,,,,,,,,,,,,,,,,,,,,,,,,,,,,,,,,,,,,,,,,,,,,,,,,,,,,,,,,,,,,,,,,,,,,,,,,,,,,,,,,,,,2375.0,2400.0,2800.0,3150.0,3200.0,3200.0,2925.0,2895.0,2950.0,2795.0,3050.0,3075.0,3300.0,3149.5,2845.0,2500.0,2897.5,2772.5,2795.0,2925.0,2895.0,2831.8863636363635
1432,Simsbury,CT,Hartford County,1433,,,,,,,,,,,,,,,,,,,,,,,,,,,,,,,,,,,,,,,,,,,,,,,,,,,,,,,,,,,,,,,,,,,,,,,,,,,,,,,,,,,,,,,,,,1747.5,1550.0,1675.0,1650.0,1600.0,1675.0,1747.5,1762.5,1700.0,1650.0,1700.0,1650.0,1750.0,1900.0,1900.0,1900.0,1900.0,1800.0,1762.5,1812.5,1812.5,1775.0,1700.0,1700.0,1700.0,1700.0,1600.0,1600.0,1695.0,1675.0,1900.0,1722.59375
1456,Pottstown,PA,Montgomery County,1457,,,,,,,,,,,,,,,,,,,,,,,,,,,,,,,,,,,,,,,,,,,,,,,,,,,,,,,,,,,,,,,,,,,,,,,,,,,,,,,,,,,,,1262.5,1300.0,1200.0,1250.0,1250.0,1312.5,1300.0,1300.0,1200.0,1225.0,1200.0,1200.0,1250.0,1237.5,1250.0,1300.0,1300.0,1312.5,1250.0,1250.0,1325.0,1385.0,1350.0,1300.0,1300.0,1300.0,1300.0,1300.0,1325.0,1350.0,1300.0,1350.0,1362.5,1350.0,1300.0,1295.0,1291.8783783783783
1458,Upper Macungie Township,PA,Lehigh County,1459,,,,,,,,,,,,,,,,,,,,,,,,,,,,,,,,,,,,,,,,,,,,,,,,,,,,,,,,,,,,,,,,,,,,,,,,,,,,,,,,,,,,,,1700.0,1795.0,1850.0,1750.0,1797.5,1770.0,1750.0,1675.0,1700.0,1700.0,1662.5,1662.5,1685.0,1747.5,1750.0,1800.0,1795.0,1795.0,1800.0,1725.0,1795.0,1750.0,1750.0,1750.0,1799.0,1799.0,1800.0,1800.0,1810.0,1850.0,1800.0,1897.5,1895.0,1800.0,1772.5,1762.138888888889
1460,Guilford,CT,New Haven County,1461,,,,,,,,,,,,,,,,,,,,,,,,,,,,,,,,,,,,1600.0,1600.0,1650.0,1700.0,1875.0,2000.0,2000.0,1950.0,1925.0,2000.0,1800.0,1800.0,1800.0,1800.0,1800.0,1800.0,1950.0,2000.0,2000.0,2000.0,2000.0,1950.0,2000.0,2100.0,2000.0,2000.0,2000.0,2000.0,2300.0,2100.0,2100.0,2000.0,1962.5,1975.0,1900.0,1900.0,1900.0,1900.0,2050.0,2000.0,2100.0,2000.0,2050.0,2100.0,2000.0,2000.0,2000.0,2000.0,1900.0,2100.0,2000.0,2000.0,2147.5,2100.0,2100.0,2050.0,2100.0,2100.0,2100.0,2000.0,2000.0,2000.0,1800.0,2100.0,2200.0,2100.0,2100.0,2100.0,2050.0,2050.0,2000.0,1900.0,2000.0,1795.0,1750.0,1600.0,1844.0,2050.0,2000.0,2100.0,2100.0,1850.0,2100.0,2100.0,2100.0,1969.593023255814
1474,Newtown Township,PA,Bucks County,1475,,,,,,,,,,,,,,,,,,,,,,,,,,,,,,,,,,,,,,,,,,,,,,,,,,,,,,,,,,,,,,,,,,,,,,,,,,,,,,,,,,,,,,,,,,,,,,,,,,,,,,1975.0,2150.0,2197.5,2095.0,1950.0,2025.0,2100.0,2287.5,2322.5,2200.0,2172.5,2000.0,1850.0,1788.0,1875.0,1975.0,2150.0,2145.0,1975.0,2035.4
1480,Portsmouth,NH,Rockingham County,1481,,,,,,,,,,,,,,,,,,,,,,,,,,,,,,,,,,,,,,,,,,,,,,,,,,,,,,,,,,,,,,,,,,,,,,,,,,,,,,,,,,,,,,,,,,2450.0,2495.0,2500.0,2375.0,2350.0,2200.0,2197.0,2100.0,2295.0,2525.0,2500.0,2350.0,2375.0,2375.0,2250.0,2125.0,2250.0,2350.0,2400.0,2350.0,2300.0,2200.0,2325.0,2497.5,2600.0,2500.0,2400.0,2350.0,2300.0,2350.0,2500.0,2331.734375
1488,Johnstown,PA,Cambria County,1489,,,,,,,,,,,,,,,,,,,,,,,,,,,,,,,,,,,,,,,,,,,,,,,,,,,,,,,,,,,,,,,,,,,,,,,,,,,,,,,,,,,,,,,,,,,,,,,,,,,,,,,,,,575.0,575.0,550.0,550.0,557.5,550.0,575.0,575.0,600.0,600.0,590.0,565.0,575.0,575.0,525.0,626.65625
1494,Newport,RI,Newport County,1495,,,,,,,,,,,,,,,,,,,,,,,,,,,,,,,,,,,,,,,,,,,,,1800.0,1800.0,1800.0,1975.0,1800.0,2000.0,2000.0,2000.0,2200.0,2100.0,2000.0,1900.0,1900.0,1950.0,1900.0,1975.0,2000.0,2000.0,2000.0,2200.0,2200.0,2200.0,2000.0,1850.0,1850.0,1900.0,1947.5,2000.0,2200.0,2250.0,2200.0,2200.0,2400.0,2200.0,2000.0,2100.0,2000.0,2000.0,2000.0,2200.0,2200.0,2300.0,2400.0,2400.0,2475.0,2200.0,2200.0,2200.0,2000.0,2200.0,2200.0,2300.0,2400.0,2500.0,2500.0,2500.0,2500.0,2500.0,2300.0,2200.0,2250.0,2200.0,2300.0,2400.0,2400.0,2400.0,2500.0,2450.0,2600.0,2600.0,2500.0,2400.0,2400.0,2400.0,2350.0,2400.0,2175.551948051948
1496,Bryn Mawr,PA,Delaware County,1497,,,,,,,,,,,,,,,,,,,,,,,,,,,,,,,,,,,,,,,,,,,,,,,,,,,,,,,,,,,,,,,,,,,,,,,,,,,,,,,,,,,,,,,2000.0,1950.0,1850.0,1650.0,1750.0,1750.0,2000.0,2050.0,2100.0,1900.0,2000.0,2000.0,2000.0,1995.0,1850.0,1825.0,1800.0,1850.0,1950.0,1850.0,1825.0,1800.0,1800.0,1950.0,1925.0,2000.0,2100.0,2050.0,1875.0,1850.0,2100.0,2000.0,2100.0,2150.0,1918.3428571428567
1501,New Canaan,CT,Fairfield County,1502,,,,,,,,,,,,,,,,,,,,,,,,,,,,,,,,,,,,,,,,,,,,,,,,,,,,,,,,,,,,,,,,,,,,,,,,,,,,,,,,,,,,,,,,,,,,,,,,,,,,,,5049.5,5000.0,5300.0,5300.0,5550.0,5500.0,4937.5,5099.0,4250.0,4375.0,4700.0,5000.0,5149.5,5500.0,5650.0,6250.0,5287.5,5099.0,5187.0,4984.3
1508,Lansdale,PA,Montgomery County,1509,,,,,,,,,,,,,,,,,,,,,,,,,,,,,,,,,,,,,,,,,,,,,,,,,,,,,,,,,,,,,,,,,,,,,,,,,,,,,,,,,,,,,1587.5,1500.0,1650.0,1595.0,1597.5,1600.0,1700.0,1525.0,1500.0,1500.0,1595.0,1575.0,1495.0,1650.0,1650.0,1600.0,1750.0,1700.0,1800.0,1800.0,1800.0,1600.0,1800.0,1800.0,1600.0,1600.0,1795.0,1795.0,1737.5,1795.0,1800.0,1600.0,1600.0,1500.0,1562.5,1495.0,1642.1351351351352
1515,Southbury,CT,New Haven County,1516,,,,,,,,,,,,,,,,,,,,,,,,,,,,,,,,,,,,,,,,,,,,,,,,,,,,,,,,,,,,,,,,,,,1600.0,1500.0,1500.0,1462.5,1450.0,1500.0,1500.0,1450.0,1500.0,1600.0,1650.0,1500.0,1500.0,1500.0,1500.0,1650.0,1800.0,1500.0,1600.0,1500.0,1550.0,1500.0,1525.0,1600.0,1600.0,1650.0,1600.0,1500.0,1500.0,1475.0,1500.0,1500.0,1500.0,1500.0,1650.0,1700.0,1600.0,1550.0,1500.0,1500.0,1500.0,1500.0,1500.0,1500.0,1500.0,1500.0,1550.0,1600.0,1750.0,1650.0,1662.5,1695.0,1675.0,1500.0,1552.0181818181818
1523,Coolbaugh Township,PA,Monroe County,1524,,,,,,,,,,,,,,,1100.0,1100.0,1100.0,1100.0,1100.0,1100.0,1090.0,1000.0,975.0,975.0,950.0,950.0,995.0,995.0,995.0,997.5,982.5,950.0,925.0,950.0,966.5,925.0,935.0,942.5,950.0,950.0,950.0,925.0,1050.0,1100.0,1000.0,1000.0,1000.0,1000.0,1000.0,992.5,975.0,975.0,1025.0,1037.5,1000.0,1000.0,999.0,1000.0,975.0,975.0,975.0,995.0,1050.0,1100.0,1100.0,1175.0,1100.0,1100.0,1065.0,1072.5,1095.0,1050.0,1045.0,1000.0,1075.0,1100.0,1037.5,1100.0,1200.0,1150.0,1100.0,1150.0,1100.0,1150.0,1100.0,1100.0,1125.0,1100.0,1125.0,1150.0,1150.0,1100.0,1150.0,1197.5,1150.0,1150.0,1150.0,1125.0,1150.0,1162.5,1175.0,1250.0,1225.0,1200.0,1225.0,1197.5,1150.0,1150.0,1137.5,1200.0,1185.0,1150.0,1150.0,1195.0,1275.0,1250.0,1250.0,1250.0,1300.0,1250.0,1083.5233644859811
1539,Avon,CT,Hartford County,1540,,,,,,,,,,,,,,,,,,,,,,,,,,,,,,,,,,,,,,,,,,,,,,,,,,,,,,,,,,,,,,,,,,,,,,,,,,,,,,,,,,,,,,,,,,,,,,,,,,,,,2000.0,2100.0,2200.0,1997.5,2125.0,1995.0,2100.0,1995.0,2200.0,2200.0,2200.0,1875.0,1995.0,2087.5,2350.0,2200.0,1950.0,1900.0,1900.0,1900.0,2038.571428571429
1543,Madison,CT,New Haven County,1544,,,,,,,,,,,,,,,,,,,,,,,,,,,,,,,,,,,,,,,,,,,,,,,,,,,,,,,,,,,,,,,,,,,,,,,,,,,,,,,,,,,,,,2400.0,2500.0,2500.0,2500.0,2600.0,2400.0,2425.0,2500.0,2400.0,2300.0,2400.0,2300.0,2400.0,2400.0,2500.0,2700.0,2500.0,2500.0,2500.0,2400.0,2275.0,2175.0,2350.0,2500.0,2700.0,2600.0,2750.0,2400.0,2650.0,2500.0,2400.0,2400.0,2350.0,2200.0,2350.0,2424.1388888888887
1544,Groton,CT,New London County,1545,,,,,,,,,,,,,,,,,,,,,,,,,,,,,,,,,,,,,,,,,1500.0,1500.0,1600.0,1525.0,1450.0,1550.0,1500.0,1500.0,1525.0,1500.0,1475.0,1500.0,1600.0,1625.0,1625.0,1600.0,1550.0,1475.0,1400.0,1400.0,1495.0,1500.0,1500.0,1600.0,1725.0,1600.0,1500.0,1600.0,1500.0,1500.0,1500.0,1550.0,1600.0,1600.0,1650.0,1700.0,1750.0,1650.0,1575.0,1575.0,1625.0,1600.0,1400.0,1600.0,1400.0,1550.0,1600.0,1600.0,1697.5,1600.0,1500.0,1500.0,1500.0,1425.0,1500.0,1500.0,1550.0,1595.0,1525.0,1574.5,1650.0,1700.0,1600.0,1550.0,1500.0,1500.0,1500.0,1497.5,1500.0,1650.0,1600.0,1650.0,1650.0,1850.0,1750.0,1625.0,1600.0,1600.0,1600.0,1700.0,1564.5617283950617
1550,Stonington,CT,New London County,1551,,,,,,,,,,,,,,,,,,,,,,,,,,,,,,,,,,,,,,,,,,,,,,,,,,,,,,,,,,,,,,,,,,,,,,,,,,,,,,,,,,,,,,,,,,,,,,,,,,,,,1900.0,2100.0,1800.0,1750.0,1600.0,1650.0,1650.0,1650.0,1700.0,1725.0,1750.0,1750.0,1772.5,1797.5,1700.0,1700.0,1750.0,1600.0,1700.0,1700.0,1728.3809523809523
1563,Phoenixville,PA,Chester County,1564,,,,,,,,,,,,,,,,,,,,,,,,,,,,,1600.0,1612.5,1800.0,1700.0,1600.0,1600.0,1600.0,1500.0,1700.0,1750.0,1700.0,1672.5,1547.5,1597.5,1650.0,1600.0,1672.5,1545.0,1500.0,1500.0,1500.0,1500.0,1500.0,1500.0,1550.0,1550.0,1637.5,1750.0,1650.0,1650.0,1595.0,1600.0,1600.0,1525.0,1712.5,1750.0,1712.5,1712.5,1695.0,1800.0,1500.0,1500.0,1600.0,1600.0,1600.0,1575.0,1550.0,1572.5,1600.0,1800.0,1600.0,1750.0,1500.0,1650.0,1500.0,1500.0,1595.0,1500.0,1672.5,1700.0,1697.5,1650.0,1750.0,1675.0,1700.0,1600.0,1642.5,1635.0,1700.0,1675.0,1562.5,1600.0,1637.5,1725.0,1800.0,1700.0,1775.0,1750.0,1697.5,1695.0,1650.0,1800.0,1795.0,1800.0,1795.0,1825.0,1900.0,1870.0,1837.5,1800.0,1800.0,1800.0,1652.758064516129
1568,Portsmouth,RI,Newport County,1569,,,,,,,,,,,,,,,,,,,,,,,,,,,,,,,,,,,,,,,,,,,,,,,,,,,,,,,,,,,,,,,,,,,,,,,,,,,,,,,,,,,,,,,,,,,,,,,,,,,,,,,,,,,2100.0,2275.0,2250.0,2425.0,2500.0,2650.0,2600.0,2500.0,2500.0,2550.0,2500.0,2350.0,2350.0,2475.0,2372.9333333333334
1570,Middletown,RI,Newport County,1571,,,,,,,,,,,,,,,,,,,,,,,,,,,,,,,,,,,,,,,,,,,,,,,,,,,,,,,,,,,,,,,,,,,,,,,,,,,,,,,,,,,,2100.0,2200.0,2250.0,2500.0,2400.0,2400.0,2500.0,2300.0,2300.0,2200.0,2200.0,2250.0,2300.0,2300.0,2200.0,2250.0,2500.0,2500.0,2500.0,2400.0,2350.0,2200.0,2000.0,2300.0,2250.0,2390.0,2500.0,2300.0,2500.0,2500.0,2450.0,2300.0,2300.0,2300.0,2350.0,2500.0,2500.0,2318.7105263157896
1578,Hanover,PA,York County,1579,,,,,,,,,,,,,,,,,,,,,,,,,,,,,,,,,,,,,,,,,,,,,,,,,,,,,,,,,,,,,,,,,,,,,,,,,,,,,,,,,,,,,,,1225.0,1200.0,1200.0,1197.5,1200.0,1200.0,1150.0,1195.0,1100.0,1162.5,1195.0,1195.0,1122.5,1160.0,1200.0,1250.0,1300.0,1262.5,1250.0,1285.0,1250.0,1262.5,1295.0,1300.0,1250.0,1295.0,1295.0,1272.5,1225.0,1200.0,1200.0,1200.0,1295.0,1275.0,1235.5428571428572
1597,Narragansett,RI,Washington County,1598,,,,,,,,,,,,,,,,,,,,,,,,,,,,,,,,,,,,,,,,,,,,,,,,,,,,,,,,,,,,,,,,,,,,,,,,,,,,,,,,,,,,,,,,,,,,,,,,,,,,,2400.0,2350.0,2300.0,2025.0,2200.0,2080.0,2100.0,2050.0,2000.0,2250.0,2400.0,2300.0,2150.0,2200.0,2000.0,1860.0,2000.0,2225.0,2000.0,2000.0,2118.4761904761904
1604,Coatesville,PA,Chester County,1605,,,,,,,,,,,,,,,,,,,,,,,,,,,,,,,,,,,,,,,,,,,,,,,,,,,,,,,,,,,,,,,,,,,,,,,,,,,,,,,,,,,,,1287.5,1312.5,1400.0,1400.0,1450.0,1450.0,1400.0,1420.0,1325.0,1397.5,1397.5,1350.0,1300.0,1300.0,1300.0,1287.5,1345.0,1322.5,1300.0,1325.0,1400.0,1395.0,1400.0,1300.0,1485.0,1400.0,1500.0,1472.5,1500.0,1500.0,1350.0,1325.0,1300.0,1250.0,1250.0,1295.0,1372.9054054054054
1606,Malvern,PA,Chester County,1607,,,,,,,,,,,,,,,,,,,,,,,,,,,,,,,,,,,,,,,,,,,,,,,,,,,,,,,,,,,,,,,,,,,,,,,,,,,,,,,,,,,,,,,,,,,,,,,,,,,,,,,,,,,,,2412.5,2400.0,2400.0,2400.0,2500.0,2600.0,2650.0,2500.0,2395.0,2600.0,2600.0,2497.5,2427.846153846154
1633,Conshohocken,PA,Montgomery County,1634,,,,,,,,,,,,,,,,,,,,,,,,,,,,,,,,,,,,,,,,,,,,,,,,,,,,,,,,,,,,,,,,,,,,,,,,,,,,,,,,,,,,,1800.0,1800.0,1825.0,1807.5,1950.0,1950.0,1995.0,1937.5,1900.0,1847.5,1895.0,1775.0,1800.0,1825.0,1800.0,1900.0,1900.0,2000.0,1900.0,1937.5,1972.5,1962.5,1950.0,1762.5,1850.0,1862.5,1797.5,1850.0,2095.0,2000.0,1995.0,1995.0,1950.0,2000.0,1977.5,1977.5,1896.662162162162
1646,Southampton,NY,Suffolk County,1647,,,,,,,,,,,,,,,,,,,,,,,,,,,,,,,,,,,,,,,,,,,,,,,,,,,,,,,,,,,,,,,,,,,,,,,,,,,,,,,,,,,,40000.0,45000.0,45000.0,49500.0,45000.0,45000.0,42000.0,40000.0,40000.0,39000.0,40000.0,35000.0,35000.0,35000.0,33000.0,32250.0,32000.0,30000.0,30000.0,31500.0,30000.0,30000.0,30000.0,30000.0,35000.0,34000.0,30000.0,30000.0,30000.0,33000.0,30000.0,30000.0,26666.0,24500.0,28666.5,26666.0,25000.0,33405.14473684211
1677,Collegeville,PA,Montgomery County,1678,,,,,,,,,,,,,,,,,,,,,,,,,,,,,,,,,,,,,,,,,,,,,,,,,,,,,,,,,,,,,,,,,,,,,,,,,,,,,,,,,,,,,,,1700.0,1800.0,1900.0,1850.0,1850.0,1850.0,1800.0,1800.0,1800.0,1800.0,1800.0,1750.0,1800.0,1850.0,1725.0,1900.0,1900.0,1900.0,1875.0,1800.0,1875.0,1900.0,1887.5,1900.0,1950.0,2000.0,2000.0,2000.0,1875.0,1950.0,1900.0,2000.0,1800.0,2000.0,1861.8714285714289
1691,Bridgehampton,NY,Suffolk County,1692,,,,,,,,,,,,,,,,,,,,,,,,,,,,,,,,,,,,,,,,,,,,,,,,,,,,,,,,,,,,,,,,,,,,,,,,,,,,,,,,,,,,,,,,,,,50000.0,50000.0,48000.0,50000.0,50000.0,50000.0,50000.0,50000.0,50000.0,50000.0,45000.0,45000.0,45000.0,40000.0,40000.0,45000.0,45000.0,45000.0,45000.0,45000.0,45000.0,47500.0,50000.0,50000.0,45000.0,43333.0,40000.0,43333.0,37500.0,39250.0,44535.74193548387
1695,Amagansett,NY,Suffolk County,1696,,,,,,,,,,,,,,,,,,,,,,,,,,,,,,,,,,,,,,,,,,,,,,,,,,,,,,,,,,,,,,,,,,,,,,,,,,,,,,,,,,,,,,,,,45000.0,45000.0,40000.0,40000.0,40000.0,40000.0,40000.0,40000.0,41000.0,40000.0,40000.0,37000.0,35000.0,30000.0,30000.0,30000.0,32000.0,35000.0,35000.0,35000.0,35000.0,30000.0,30000.0,33333.0,36000.0,36333.0,35000.0,30000.0,30000.0,34000.0,33041.5,35000.0,34830.40909090909
1696,Quogue,NY,Suffolk County,1697,,,,,,,,,,,,,,,,,,,,,,,,,,,,,,,,,,,,,,,,,,,,,,,,,,,,,,,,,,,,,,,,,,,,,,,,,,,,,,,,,,,,,,,,,,,,,,,,,,,,,,,,,,,,30000.0,32500.0,30000.0,30000.0,30000.0,30000.0,30000.0,30000.0,29500.0,30000.0,30000.0,30000.0,31666.0,28240.214285714286
1698,Wainscott,NY,Suffolk County,1699,,,,,,,,,,,,,,,,,,,,,,,,,,,,,,,,,,,,,,,,,,,,,,,,,,,,,,,,,,,,,,,,,,,,,,,,,,,,,,,,,,,,,,,,,,,,,,,,,,,,,,,,,,,,,45000.0,40000.0,40000.0,34750.0,35000.0,35000.0,35000.0,30000.0,30000.0,28333.0,25000.0,28333.0,31393.46153846154
